subreddit,content_type,interval_hours,bucket_start_pt,item_count,num_comments_sum,score_sum,unique_authors
bostonceltics,comment,1,2026-03-08 12:00:00-07:00,589,0,6503,233
bostonceltics,comment,1,2026-03-08 13:00:00-07:00,77,0,606,64
bostonceltics,comment,1,2026-03-08 14:00:00-07:00,79,0,528,65
bostonceltics,comment,1,2026-03-08 15:00:00-07:00,46,0,385,42
bostonceltics,comment,1,2026-03-08 16:00:00-07:00,54,0,467,46
bostonceltics,comment,1,2026-03-08 17:00:00-07:00,72,0,518,60
bostonceltics,comment,1,2026-03-08 18:00:00-07:00,72,0,286,62
bostonceltics,comment,1,2026-03-08 19:00:00-07:00,3,0,4,3
bostonceltics,post,1,2026-01-11 21:00:00-08:00,1,37,3,1
bostonceltics,post,1,2026-01-12 12:00:00-08:00,1,24,379,1
bostonceltics,post,1,2026-01-12 13:00:00-08:00,2,41,22,2
bostonceltics,post,1,2026-01-12 14:00:00-08:00,1,627,36,1
bostonceltics,post,1,2026-01-12 15:00:00-08:00,1,139,806,1
bostonceltics,post,1,2026-01-12 18:00:00-08:00,2,176,75,2
bostonceltics,post,1,2026-01-12 19:00:00-08:00,1,24,78,1
bostonceltics,post,1,2026-01-12 20:00:00-08:00,1,12,28,1
bostonceltics,post,1,2026-01-12 21:00:00-08:00,2,141,627,2
bostonceltics,post,1,2026-01-12 22:00:00-08:00,1,21,0,1
bostonceltics,post,1,2026-01-13 04:00:00-08:00,1,57,80,1
bostonceltics,post,1,2026-01-13 08:00:00-08:00,1,260,320,1
bostonceltics,post,1,2026-01-13 09:00:00-08:00,1,15,32,1
bostonceltics,post,1,2026-01-13 12:00:00-08:00,2,40,123,2
bostonceltics,post,1,2026-01-13 16:00:00-08:00,1,6,7,1
bostonceltics,post,1,2026-01-13 21:00:00-08:00,1,46,3,1
bostonceltics,post,1,2026-01-14 05:00:00-08:00,2,14,61,2
bostonceltics,post,1,2026-01-14 09:00:00-08:00,1,3,18,1
bostonceltics,post,1,2026-01-14 10:00:00-08:00,2,228,205,2
bostonceltics,post,1,2026-01-14 12:00:00-08:00,1,55,64,1
bostonceltics,post,1,2026-01-14 13:00:00-08:00,1,8,1,1
bostonceltics,post,1,2026-01-14 14:00:00-08:00,2,19,472,2
bostonceltics,post,1,2026-01-14 15:00:00-08:00,1,6,104,1
bostonceltics,post,1,2026-01-14 20:00:00-08:00,1,48,67,1
bostonceltics,post,1,2026-01-14 21:00:00-08:00,1,58,3,1
bostonceltics,post,1,2026-01-15 04:00:00-08:00,1,33,485,1
bostonceltics,post,1,2026-01-15 06:00:00-08:00,1,24,213,1
bostonceltics,post,1,2026-01-15 07:00:00-08:00,1,9,7,1
bostonceltics,post,1,2026-01-15 09:00:00-08:00,1,19,16,1
bostonceltics,post,1,2026-01-15 10:00:00-08:00,1,27,112,1
bostonceltics,post,1,2026-01-15 11:00:00-08:00,1,35,59,1
bostonceltics,post,1,2026-01-15 14:00:00-08:00,2,1175,95,2
bostonceltics,post,1,2026-01-15 17:00:00-08:00,2,17,271,2
bostonceltics,post,1,2026-01-15 18:00:00-08:00,1,14,81,1
bostonceltics,post,1,2026-01-15 19:00:00-08:00,5,340,2699,5
bostonceltics,post,1,2026-01-15 20:00:00-08:00,1,60,3,1
bostonceltics,post,1,2026-01-15 21:00:00-08:00,2,149,184,2
bostonceltics,post,1,2026-01-15 22:00:00-08:00,1,1,21,1
bostonceltics,post,1,2026-01-16 01:00:00-08:00,1,17,185,1
bostonceltics,post,1,2026-01-16 03:00:00-08:00,1,4,201,1
bostonceltics,post,1,2026-01-16 04:00:00-08:00,1,145,169,1
bostonceltics,post,1,2026-01-16 06:00:00-08:00,2,71,60,2
bostonceltics,post,1,2026-01-16 07:00:00-08:00,2,66,346,2
bostonceltics,post,1,2026-01-16 08:00:00-08:00,3,44,74,3
bostonceltics,post,1,2026-01-16 11:00:00-08:00,1,54,79,1
bostonceltics,post,1,2026-01-16 12:00:00-08:00,1,81,0,1
bostonceltics,post,1,2026-01-16 14:00:00-08:00,1,27,191,1
bostonceltics,post,1,2026-01-16 15:00:00-08:00,2,27,102,2
bostonceltics,post,1,2026-01-16 21:00:00-08:00,1,15,6,1
bostonceltics,post,1,2026-01-17 03:00:00-08:00,1,127,888,1
bostonceltics,post,1,2026-01-17 06:00:00-08:00,1,14,45,1
bostonceltics,post,1,2026-01-17 07:00:00-08:00,2,66,31,2
bostonceltics,post,1,2026-01-17 08:00:00-08:00,1,20,0,1
bostonceltics,post,1,2026-01-17 10:00:00-08:00,1,9,94,1
bostonceltics,post,1,2026-01-17 14:00:00-08:00,2,673,68,2
bostonceltics,post,1,2026-01-17 16:00:00-08:00,1,4,13,1
bostonceltics,post,1,2026-01-17 17:00:00-08:00,1,28,714,1
bostonceltics,post,1,2026-01-17 18:00:00-08:00,3,114,727,3
bostonceltics,post,1,2026-01-17 21:00:00-08:00,3,71,400,3
bostonceltics,post,1,2026-01-17 22:00:00-08:00,1,35,307,1
bostonceltics,post,1,2026-01-17 23:00:00-08:00,1,9,193,1
bostonceltics,post,1,2026-01-18 01:00:00-08:00,1,10,0,1
bostonceltics,post,1,2026-01-18 05:00:00-08:00,2,37,33,2
bostonceltics,post,1,2026-01-18 06:00:00-08:00,2,47,391,2
bostonceltics,post,1,2026-01-18 07:00:00-08:00,1,6,66,1
bostonceltics,post,1,2026-01-18 08:00:00-08:00,1,0,57,1
bostonceltics,post,1,2026-01-18 11:00:00-08:00,1,11,129,1
bostonceltics,post,1,2026-01-18 13:00:00-08:00,1,39,61,1
bostonceltics,post,1,2026-01-18 16:00:00-08:00,1,90,161,1
bostonceltics,post,1,2026-01-18 21:00:00-08:00,1,23,3,1
bostonceltics,post,1,2026-01-19 06:00:00-08:00,1,26,12,1
bostonceltics,post,1,2026-01-19 07:00:00-08:00,1,11,33,1
bostonceltics,post,1,2026-01-19 08:00:00-08:00,2,35,603,2
bostonceltics,post,1,2026-01-19 09:00:00-08:00,1,16,26,1
bostonceltics,post,1,2026-01-19 10:00:00-08:00,1,11,199,1
bostonceltics,post,1,2026-01-19 11:00:00-08:00,1,40,424,1
bostonceltics,post,1,2026-01-19 15:00:00-08:00,1,1645,58,1
bostonceltics,post,1,2026-01-19 16:00:00-08:00,1,70,415,1
bostonceltics,post,1,2026-01-19 17:00:00-08:00,1,50,1152,1
bostonceltics,post,1,2026-01-19 18:00:00-08:00,1,8,617,1
bostonceltics,post,1,2026-01-19 19:00:00-08:00,2,260,196,2
bostonceltics,post,1,2026-01-19 21:00:00-08:00,1,78,2,1
bostonceltics,post,1,2026-01-19 22:00:00-08:00,1,18,23,1
bostonceltics,post,1,2026-01-20 00:00:00-08:00,1,96,225,1
bostonceltics,post,1,2026-01-20 02:00:00-08:00,1,0,0,1
bostonceltics,post,1,2026-01-20 03:00:00-08:00,3,85,0,3
bostonceltics,post,1,2026-01-20 06:00:00-08:00,1,42,0,1
bostonceltics,post,1,2026-01-20 09:00:00-08:00,1,32,111,1
bostonceltics,post,1,2026-01-20 10:00:00-08:00,1,10,309,1
bostonceltics,post,1,2026-01-20 11:00:00-08:00,2,37,17,2
bostonceltics,post,1,2026-01-20 15:00:00-08:00,1,158,324,1
bostonceltics,post,1,2026-01-20 19:00:00-08:00,1,68,0,1
bostonceltics,post,1,2026-01-20 21:00:00-08:00,1,22,4,1
bostonceltics,post,1,2026-01-21 10:00:00-08:00,1,43,64,1
bostonceltics,post,1,2026-01-21 11:00:00-08:00,1,20,166,1
bostonceltics,post,1,2026-01-21 12:00:00-08:00,1,22,13,1
bostonceltics,post,1,2026-01-21 14:00:00-08:00,1,483,75,1
bostonceltics,post,1,2026-01-21 17:00:00-08:00,2,8,149,2
bostonceltics,post,1,2026-01-21 18:00:00-08:00,1,82,365,1
bostonceltics,post,1,2026-01-21 20:00:00-08:00,1,7,190,1
bostonceltics,post,1,2026-01-21 21:00:00-08:00,1,95,4,1
bostonceltics,post,1,2026-01-22 05:00:00-08:00,3,92,690,3
bostonceltics,post,1,2026-01-22 07:00:00-08:00,2,105,328,2
bostonceltics,post,1,2026-01-22 08:00:00-08:00,3,192,101,3
bostonceltics,post,1,2026-01-22 09:00:00-08:00,2,86,127,2
bostonceltics,post,1,2026-01-22 10:00:00-08:00,1,40,12,1
bostonceltics,post,1,2026-01-22 12:00:00-08:00,4,154,1137,4
bostonceltics,post,1,2026-01-22 13:00:00-08:00,2,148,55,2
bostonceltics,post,1,2026-01-22 21:00:00-08:00,1,49,4,1
bostonceltics,post,1,2026-01-22 23:00:00-08:00,1,21,88,1
bostonceltics,post,1,2026-01-23 07:00:00-08:00,1,91,1665,1
bostonceltics,post,1,2026-01-23 09:00:00-08:00,1,40,25,1
bostonceltics,post,1,2026-01-23 11:00:00-08:00,1,47,13,1
bostonceltics,post,1,2026-01-23 12:00:00-08:00,2,24,25,2
bostonceltics,post,1,2026-01-23 14:00:00-08:00,1,1472,64,1
bostonceltics,post,1,2026-01-23 15:00:00-08:00,1,51,552,1
bostonceltics,post,1,2026-01-23 18:00:00-08:00,2,31,324,2
bostonceltics,post,1,2026-01-23 19:00:00-08:00,4,354,3178,4
bostonceltics,post,1,2026-01-23 20:00:00-08:00,4,58,1190,4
bostonceltics,post,1,2026-01-23 21:00:00-08:00,1,43,2,1
bostonceltics,post,1,2026-01-23 22:00:00-08:00,2,27,451,2
bostonceltics,post,1,2026-01-24 02:00:00-08:00,4,29,514,2
bostonceltics,post,1,2026-01-24 03:00:00-08:00,3,86,1300,2
bostonceltics,post,1,2026-01-24 05:00:00-08:00,1,17,204,1
bostonceltics,post,1,2026-01-24 07:00:00-08:00,1,6,0,1
bostonceltics,post,1,2026-01-24 08:00:00-08:00,1,47,96,1
bostonceltics,post,1,2026-01-24 09:00:00-08:00,1,31,24,1
bostonceltics,post,1,2026-01-24 12:00:00-08:00,1,8,39,1
bostonceltics,post,1,2026-01-24 13:00:00-08:00,1,10,7,1
bostonceltics,post,1,2026-01-24 15:00:00-08:00,1,758,33,1
bostonceltics,post,1,2026-01-24 16:00:00-08:00,2,21,32,2
bostonceltics,post,1,2026-01-24 19:00:00-08:00,1,135,58,1
bostonceltics,post,1,2026-01-24 21:00:00-08:00,2,45,212,2
bostonceltics,post,1,2026-01-25 06:00:00-08:00,1,141,36,1
bostonceltics,post,1,2026-01-25 14:00:00-08:00,2,32,222,2
bostonceltics,post,1,2026-01-25 17:00:00-08:00,1,14,203,1
bostonceltics,post,1,2026-01-25 18:00:00-08:00,2,22,354,2
bostonceltics,post,1,2026-01-25 21:00:00-08:00,1,26,3,1
bostonceltics,post,1,2026-01-26 08:00:00-08:00,1,30,80,1
bostonceltics,post,1,2026-01-26 09:00:00-08:00,1,2,57,1
bostonceltics,post,1,2026-01-26 15:00:00-08:00,1,1046,63,1
bostonceltics,post,1,2026-01-26 16:00:00-08:00,1,19,107,1
bostonceltics,post,1,2026-01-26 17:00:00-08:00,1,20,152,1
bostonceltics,post,1,2026-01-26 19:00:00-08:00,2,174,385,2
bostonceltics,post,1,2026-01-26 21:00:00-08:00,1,89,2,1
bostonceltics,post,1,2026-01-27 02:00:00-08:00,1,21,0,1
bostonceltics,post,1,2026-01-27 03:00:00-08:00,1,13,695,1
bostonceltics,post,1,2026-01-27 04:00:00-08:00,1,19,283,1
bostonceltics,post,1,2026-01-27 08:00:00-08:00,2,80,26,2
bostonceltics,post,1,2026-01-27 09:00:00-08:00,1,28,177,1
bostonceltics,post,1,2026-01-27 12:00:00-08:00,1,44,68,1
bostonceltics,post,1,2026-01-27 14:00:00-08:00,1,41,65,1
bostonceltics,post,1,2026-01-27 15:00:00-08:00,1,219,210,1
bostonceltics,post,1,2026-01-27 21:00:00-08:00,2,64,244,2
bostonceltics,post,1,2026-01-28 05:00:00-08:00,1,14,398,1
bostonceltics,post,1,2026-01-28 06:00:00-08:00,2,110,139,2
bostonceltics,post,1,2026-01-28 08:00:00-08:00,1,105,8,1
bostonceltics,post,1,2026-01-28 09:00:00-08:00,1,85,982,1
bostonceltics,post,1,2026-01-28 11:00:00-08:00,2,45,34,2
bostonceltics,post,1,2026-01-28 13:00:00-08:00,2,133,335,2
bostonceltics,post,1,2026-01-28 14:00:00-08:00,2,1012,61,2
bostonceltics,post,1,2026-01-28 16:00:00-08:00,1,42,215,1
bostonceltics,post,1,2026-01-28 17:00:00-08:00,1,14,45,1
bostonceltics,post,1,2026-01-28 18:00:00-08:00,4,179,466,3
bostonceltics,post,1,2026-01-28 20:00:00-08:00,2,310,662,2
bostonceltics,post,1,2026-01-28 21:00:00-08:00,4,212,213,4
bostonceltics,post,1,2026-01-29 01:00:00-08:00,1,6,19,1
bostonceltics,post,1,2026-01-29 07:00:00-08:00,1,173,160,1
bostonceltics,post,1,2026-01-29 09:00:00-08:00,2,88,161,2
bostonceltics,post,1,2026-01-29 12:00:00-08:00,1,36,9,1
bostonceltics,post,1,2026-01-29 13:00:00-08:00,2,47,194,2
bostonceltics,post,1,2026-01-29 14:00:00-08:00,2,65,1344,2
bostonceltics,post,1,2026-01-29 19:00:00-08:00,2,39,49,2
bostonceltics,post,1,2026-01-29 21:00:00-08:00,1,41,3,1
bostonceltics,post,1,2026-01-29 22:00:00-08:00,1,50,0,1
bostonceltics,post,1,2026-01-30 06:00:00-08:00,1,38,73,1
bostonceltics,post,1,2026-01-30 14:00:00-08:00,1,327,79,1
bostonceltics,post,1,2026-01-30 15:00:00-08:00,1,7,0,1
bostonceltics,post,1,2026-01-30 17:00:00-08:00,1,6,7,1
bostonceltics,post,1,2026-01-30 18:00:00-08:00,1,65,320,1
bostonceltics,post,1,2026-01-30 19:00:00-08:00,2,30,219,2
bostonceltics,post,1,2026-01-30 21:00:00-08:00,1,23,5,1
bostonceltics,post,1,2026-01-30 22:00:00-08:00,1,5,174,1
bostonceltics,post,1,2026-01-31 04:00:00-08:00,1,28,104,1
bostonceltics,post,1,2026-01-31 06:00:00-08:00,1,78,695,1
bostonceltics,post,1,2026-01-31 07:00:00-08:00,1,10,72,1
bostonceltics,post,1,2026-01-31 08:00:00-08:00,1,36,304,1
bostonceltics,post,1,2026-01-31 09:00:00-08:00,2,79,84,2
bostonceltics,post,1,2026-01-31 12:00:00-08:00,1,42,2,1
bostonceltics,post,1,2026-01-31 16:00:00-08:00,1,19,0,1
bostonceltics,post,1,2026-01-31 20:00:00-08:00,1,68,162,1
bostonceltics,post,1,2026-01-31 21:00:00-08:00,1,10,5,1
bostonceltics,post,1,2026-02-01 06:00:00-08:00,1,15,110,1
bostonceltics,post,1,2026-02-01 10:00:00-08:00,1,579,71,1
bostonceltics,post,1,2026-02-01 12:00:00-08:00,1,2,176,1
bostonceltics,post,1,2026-02-01 14:00:00-08:00,2,64,421,2
bostonceltics,post,1,2026-02-01 16:00:00-08:00,3,136,436,3
bostonceltics,post,1,2026-02-01 18:00:00-08:00,2,258,403,2
bostonceltics,post,1,2026-02-01 21:00:00-08:00,1,49,3,1
bostonceltics,post,1,2026-02-01 22:00:00-08:00,1,7,0,1
bostonceltics,post,1,2026-02-02 02:00:00-08:00,1,10,66,1
bostonceltics,post,1,2026-02-02 05:00:00-08:00,1,7,135,1
bostonceltics,post,1,2026-02-02 09:00:00-08:00,2,109,211,2
bostonceltics,post,1,2026-02-02 10:00:00-08:00,1,42,0,1
bostonceltics,post,1,2026-02-02 11:00:00-08:00,2,108,585,2
bostonceltics,post,1,2026-02-02 17:00:00-08:00,1,70,136,1
bostonceltics,post,1,2026-02-02 21:00:00-08:00,1,111,2,1
bostonceltics,post,1,2026-02-03 03:00:00-08:00,1,40,61,1
bostonceltics,post,1,2026-02-03 06:00:00-08:00,3,187,691,3
bostonceltics,post,1,2026-02-03 08:00:00-08:00,1,31,5,1
bostonceltics,post,1,2026-02-03 09:00:00-08:00,1,7,2,1
bostonceltics,post,1,2026-02-03 10:00:00-08:00,2,129,151,2
bostonceltics,post,1,2026-02-03 12:00:00-08:00,6,1113,3825,5
bostonceltics,post,1,2026-02-03 13:00:00-08:00,12,1003,1619,7
bostonceltics,post,1,2026-02-03 14:00:00-08:00,2,134,48,2
bostonceltics,post,1,2026-02-03 15:00:00-08:00,5,1052,42,5
bostonceltics,post,1,2026-02-03 16:00:00-08:00,3,65,184,3
bostonceltics,post,1,2026-02-03 17:00:00-08:00,1,26,24,1
bostonceltics,post,1,2026-02-03 19:00:00-08:00,1,89,331,1
bostonceltics,post,1,2026-02-03 20:00:00-08:00,1,60,156,1
bostonceltics,post,1,2026-02-03 21:00:00-08:00,1,207,2,1
bostonceltics,post,1,2026-02-03 22:00:00-08:00,1,38,376,1
bostonceltics,post,1,2026-02-04 01:00:00-08:00,1,85,597,1
bostonceltics,post,1,2026-02-04 03:00:00-08:00,1,38,51,1
bostonceltics,post,1,2026-02-04 04:00:00-08:00,1,50,49,1
bostonceltics,post,1,2026-02-04 05:00:00-08:00,2,138,183,2
bostonceltics,post,1,2026-02-04 06:00:00-08:00,2,16,3,2
bostonceltics,post,1,2026-02-04 07:00:00-08:00,1,34,13,1
bostonceltics,post,1,2026-02-04 11:00:00-08:00,1,4,11,1
bostonceltics,post,1,2026-02-04 12:00:00-08:00,1,9,60,1
bostonceltics,post,1,2026-02-04 14:00:00-08:00,1,42,0,1
bostonceltics,post,1,2026-02-04 15:00:00-08:00,3,1597,54,3
bostonceltics,post,1,2026-02-04 16:00:00-08:00,1,15,18,1
bostonceltics,post,1,2026-02-04 17:00:00-08:00,1,27,11,1
bostonceltics,post,1,2026-02-04 18:00:00-08:00,1,37,72,1
bostonceltics,post,1,2026-02-04 19:00:00-08:00,5,407,1761,5
bostonceltics,post,1,2026-02-04 20:00:00-08:00,5,171,612,4
bostonceltics,post,1,2026-02-04 21:00:00-08:00,3,348,554,3
bostonceltics,post,1,2026-02-04 22:00:00-08:00,1,28,211,1
bostonceltics,post,1,2026-02-05 00:00:00-08:00,2,49,710,2
bostonceltics,post,1,2026-02-05 04:00:00-08:00,1,73,7,1
bostonceltics,post,1,2026-02-05 05:00:00-08:00,1,16,229,1
bostonceltics,post,1,2026-02-05 06:00:00-08:00,2,50,165,2
bostonceltics,post,1,2026-02-05 08:00:00-08:00,1,14,558,1
bostonceltics,post,1,2026-02-05 09:00:00-08:00,1,151,345,1
bostonceltics,post,1,2026-02-05 10:00:00-08:00,5,393,1031,4
bostonceltics,post,1,2026-02-05 11:00:00-08:00,4,279,384,4
bostonceltics,post,1,2026-02-05 12:00:00-08:00,2,151,64,2
bostonceltics,post,1,2026-02-05 13:00:00-08:00,11,733,2545,10
bostonceltics,post,1,2026-02-05 14:00:00-08:00,1,30,40,1
bostonceltics,post,1,2026-02-05 15:00:00-08:00,4,80,96,4
bostonceltics,post,1,2026-02-05 16:00:00-08:00,1,5,3,1
bostonceltics,post,1,2026-02-05 17:00:00-08:00,3,140,583,3
bostonceltics,post,1,2026-02-05 18:00:00-08:00,1,57,254,1
bostonceltics,post,1,2026-02-05 20:00:00-08:00,1,31,1244,1
bostonceltics,post,1,2026-02-05 21:00:00-08:00,2,142,26,2
bostonceltics,post,1,2026-02-06 03:00:00-08:00,1,10,312,1
bostonceltics,post,1,2026-02-06 04:00:00-08:00,1,20,0,1
bostonceltics,post,1,2026-02-06 05:00:00-08:00,1,15,14,1
bostonceltics,post,1,2026-02-06 06:00:00-08:00,2,59,290,2
bostonceltics,post,1,2026-02-06 08:00:00-08:00,4,150,363,4
bostonceltics,post,1,2026-02-06 09:00:00-08:00,1,15,16,1
bostonceltics,post,1,2026-02-06 10:00:00-08:00,2,138,2771,2
bostonceltics,post,1,2026-02-06 11:00:00-08:00,2,77,229,2
bostonceltics,post,1,2026-02-06 12:00:00-08:00,1,0,5,1
bostonceltics,post,1,2026-02-06 13:00:00-08:00,1,15,26,1
bostonceltics,post,1,2026-02-06 14:00:00-08:00,2,1903,48,2
bostonceltics,post,1,2026-02-06 15:00:00-08:00,2,54,81,2
bostonceltics,post,1,2026-02-06 16:00:00-08:00,2,36,387,2
bostonceltics,post,1,2026-02-06 17:00:00-08:00,1,24,455,1
bostonceltics,post,1,2026-02-06 19:00:00-08:00,6,537,3458,6
bostonceltics,post,1,2026-02-06 20:00:00-08:00,2,34,280,2
bostonceltics,post,1,2026-02-06 21:00:00-08:00,1,73,5,1
bostonceltics,post,1,2026-02-06 22:00:00-08:00,1,67,0,1
bostonceltics,post,1,2026-02-06 23:00:00-08:00,2,16,334,2
bostonceltics,post,1,2026-02-07 00:00:00-08:00,1,32,276,1
bostonceltics,post,1,2026-02-07 04:00:00-08:00,1,34,201,1
bostonceltics,post,1,2026-02-07 05:00:00-08:00,1,22,7,1
bostonceltics,post,1,2026-02-07 06:00:00-08:00,3,175,724,3
bostonceltics,post,1,2026-02-07 07:00:00-08:00,1,59,0,1
bostonceltics,post,1,2026-02-07 08:00:00-08:00,1,24,229,1
bostonceltics,post,1,2026-02-07 09:00:00-08:00,1,20,40,1
bostonceltics,post,1,2026-02-07 10:00:00-08:00,1,20,347,1
bostonceltics,post,1,2026-02-07 11:00:00-08:00,3,39,309,3
bostonceltics,post,1,2026-02-07 12:00:00-08:00,1,13,23,1
bostonceltics,post,1,2026-02-07 13:00:00-08:00,1,19,12,1
bostonceltics,post,1,2026-02-07 14:00:00-08:00,1,30,267,1
bostonceltics,post,1,2026-02-07 16:00:00-08:00,1,34,54,1
bostonceltics,post,1,2026-02-07 19:00:00-08:00,1,24,24,1
bostonceltics,post,1,2026-02-07 20:00:00-08:00,1,47,365,1
bostonceltics,post,1,2026-02-07 21:00:00-08:00,2,71,338,2
bostonceltics,post,1,2026-02-08 05:00:00-08:00,1,4,35,1
bostonceltics,post,1,2026-02-08 06:00:00-08:00,1,1,25,1
bostonceltics,post,1,2026-02-08 07:00:00-08:00,2,2119,221,2
bostonceltics,post,1,2026-02-08 08:00:00-08:00,2,28,434,2
bostonceltics,post,1,2026-02-08 09:00:00-08:00,1,65,498,1
bostonceltics,post,1,2026-02-08 11:00:00-08:00,1,5,115,1
bostonceltics,post,1,2026-02-08 12:00:00-08:00,2,277,78,2
bostonceltics,post,1,2026-02-08 14:00:00-08:00,2,11,296,2
bostonceltics,post,1,2026-02-08 18:00:00-08:00,1,26,0,1
bostonceltics,post,1,2026-02-08 21:00:00-08:00,1,82,6,1
bostonceltics,post,1,2026-02-09 09:00:00-08:00,1,3,28,1
bostonceltics,post,1,2026-02-09 10:00:00-08:00,1,10,35,1
bostonceltics,post,1,2026-02-09 14:00:00-08:00,1,138,942,1
bostonceltics,post,1,2026-02-09 15:00:00-08:00,1,20,109,1
bostonceltics,post,1,2026-02-09 16:00:00-08:00,2,57,316,2
bostonceltics,post,1,2026-02-09 19:00:00-08:00,1,42,83,1
bostonceltics,post,1,2026-02-09 21:00:00-08:00,2,120,646,2
bostonceltics,post,1,2026-02-10 06:00:00-08:00,1,41,275,1
bostonceltics,post,1,2026-02-10 08:00:00-08:00,1,38,44,1
bostonceltics,post,1,2026-02-10 09:00:00-08:00,1,16,17,1
bostonceltics,post,1,2026-02-10 10:00:00-08:00,2,58,471,2
bostonceltics,post,1,2026-02-10 11:00:00-08:00,2,27,99,2
bostonceltics,post,1,2026-02-10 12:00:00-08:00,2,22,32,2
bostonceltics,post,1,2026-02-10 13:00:00-08:00,1,109,1001,1
bostonceltics,post,1,2026-02-10 15:00:00-08:00,1,13,71,1
bostonceltics,post,1,2026-02-10 16:00:00-08:00,1,15,84,1
bostonceltics,post,1,2026-02-10 17:00:00-08:00,2,30,496,2
bostonceltics,post,1,2026-02-10 18:00:00-08:00,2,66,630,2
bostonceltics,post,1,2026-02-10 21:00:00-08:00,1,56,1,1
bostonceltics,post,1,2026-02-11 08:00:00-08:00,4,118,1130,4
bostonceltics,post,1,2026-02-11 09:00:00-08:00,1,45,492,1
bostonceltics,post,1,2026-02-11 12:00:00-08:00,2,106,501,2
bostonceltics,post,1,2026-02-11 13:00:00-08:00,2,129,214,2
bostonceltics,post,1,2026-02-11 14:00:00-08:00,2,503,86,2
bostonceltics,post,1,2026-02-11 18:00:00-08:00,1,90,342,1
bostonceltics,post,1,2026-02-11 19:00:00-08:00,1,10,509,1
bostonceltics,post,1,2026-02-11 21:00:00-08:00,1,71,0,1
bostonceltics,post,1,2026-02-11 23:00:00-08:00,1,41,635,1
bostonceltics,post,1,2026-02-12 03:00:00-08:00,1,24,502,1
bostonceltics,post,1,2026-02-12 05:00:00-08:00,1,45,1207,1
bostonceltics,post,1,2026-02-12 07:00:00-08:00,1,42,0,1
bostonceltics,post,1,2026-02-12 08:00:00-08:00,1,146,94,1
bostonceltics,post,1,2026-02-12 09:00:00-08:00,1,38,487,1
bostonceltics,post,1,2026-02-12 12:00:00-08:00,1,2,15,1
bostonceltics,post,1,2026-02-12 13:00:00-08:00,1,27,286,1
bostonceltics,post,1,2026-02-12 17:00:00-08:00,2,103,410,2
bostonceltics,post,1,2026-02-12 21:00:00-08:00,1,54,1,1
bostonceltics,post,1,2026-02-13 00:00:00-08:00,1,73,121,1
bostonceltics,post,1,2026-02-13 08:00:00-08:00,1,48,56,1
bostonceltics,post,1,2026-02-13 10:00:00-08:00,1,14,113,1
bostonceltics,post,1,2026-02-13 12:00:00-08:00,1,66,387,1
bostonceltics,post,1,2026-02-13 13:00:00-08:00,3,59,828,3
bostonceltics,post,1,2026-02-13 18:00:00-08:00,1,20,33,1
bostonceltics,post,1,2026-02-13 19:00:00-08:00,2,62,663,2
bostonceltics,post,1,2026-02-13 21:00:00-08:00,2,45,26,2
bostonceltics,post,1,2026-02-14 08:00:00-08:00,1,17,36,1
bostonceltics,post,1,2026-02-14 21:00:00-08:00,1,11,5,1
bostonceltics,post,1,2026-02-15 05:00:00-08:00,1,71,149,1
bostonceltics,post,1,2026-02-15 06:00:00-08:00,1,3,99,1
bostonceltics,post,1,2026-02-15 10:00:00-08:00,2,114,864,2
bostonceltics,post,1,2026-02-15 13:00:00-08:00,1,160,24,1
bostonceltics,post,1,2026-02-15 15:00:00-08:00,1,15,0,1
bostonceltics,post,1,2026-02-15 16:00:00-08:00,2,90,364,2
bostonceltics,post,1,2026-02-15 17:00:00-08:00,1,169,50,1
bostonceltics,post,1,2026-02-15 21:00:00-08:00,1,11,3,1
bostonceltics,post,1,2026-02-15 22:00:00-08:00,1,44,516,1
bostonceltics,post,1,2026-02-16 03:00:00-08:00,1,2,7,1
bostonceltics,post,1,2026-02-16 05:00:00-08:00,1,20,528,1
bostonceltics,post,1,2026-02-16 08:00:00-08:00,1,29,490,1
bostonceltics,post,1,2026-02-16 09:00:00-08:00,1,22,34,1
bostonceltics,post,1,2026-02-16 10:00:00-08:00,1,21,189,1
bostonceltics,post,1,2026-02-16 11:00:00-08:00,1,11,396,1
bostonceltics,post,1,2026-02-16 13:00:00-08:00,1,23,453,1
bostonceltics,post,1,2026-02-16 14:00:00-08:00,1,62,0,1
bostonceltics,post,1,2026-02-16 15:00:00-08:00,1,11,3,1
bostonceltics,post,1,2026-02-16 20:00:00-08:00,1,51,1,1
bostonceltics,post,1,2026-02-16 21:00:00-08:00,1,24,1,1
bostonceltics,post,1,2026-02-17 06:00:00-08:00,1,28,287,1
bostonceltics,post,1,2026-02-17 08:00:00-08:00,2,120,34,2
bostonceltics,post,1,2026-02-17 10:00:00-08:00,1,30,119,1
bostonceltics,post,1,2026-02-17 13:00:00-08:00,1,10,620,1
bostonceltics,post,1,2026-02-17 16:00:00-08:00,1,1,6,1
bostonceltics,post,1,2026-02-17 17:00:00-08:00,1,42,0,1
bostonceltics,post,1,2026-02-17 21:00:00-08:00,1,37,6,1
bostonceltics,post,1,2026-02-17 22:00:00-08:00,1,15,5,1
bostonceltics,post,1,2026-02-18 07:00:00-08:00,1,7,74,1
bostonceltics,post,1,2026-02-18 09:00:00-08:00,1,1,7,1
bostonceltics,post,1,2026-02-18 12:00:00-08:00,1,18,0,1
bostonceltics,post,1,2026-02-18 13:00:00-08:00,1,43,50,1
bostonceltics,post,1,2026-02-18 15:00:00-08:00,1,29,0,1
bostonceltics,post,1,2026-02-18 16:00:00-08:00,1,56,136,1
bostonceltics,post,1,2026-02-18 21:00:00-08:00,1,13,2,1
bostonceltics,post,1,2026-02-19 06:00:00-08:00,2,118,1343,2
bostonceltics,post,1,2026-02-19 08:00:00-08:00,1,34,63,1
bostonceltics,post,1,2026-02-19 09:00:00-08:00,1,16,86,1
bostonceltics,post,1,2026-02-19 11:00:00-08:00,3,31,90,3
bostonceltics,post,1,2026-02-19 12:00:00-08:00,1,8,21,1
bostonceltics,post,1,2026-02-19 13:00:00-08:00,1,41,14,1
bostonceltics,post,1,2026-02-19 16:00:00-08:00,1,73,1426,1
bostonceltics,post,1,2026-02-19 17:00:00-08:00,1,1361,55,1
bostonceltics,post,1,2026-02-19 18:00:00-08:00,2,82,152,2
bostonceltics,post,1,2026-02-19 19:00:00-08:00,1,192,441,1
bostonceltics,post,1,2026-02-19 20:00:00-08:00,4,91,306,4
bostonceltics,post,1,2026-02-19 21:00:00-08:00,5,203,442,5
bostonceltics,post,1,2026-02-19 22:00:00-08:00,1,5,13,1
bostonceltics,post,1,2026-02-19 23:00:00-08:00,1,10,90,1
bostonceltics,post,1,2026-02-20 01:00:00-08:00,1,75,240,1
bostonceltics,post,1,2026-02-20 02:00:00-08:00,1,12,259,1
bostonceltics,post,1,2026-02-20 06:00:00-08:00,2,139,2563,1
bostonceltics,post,1,2026-02-20 08:00:00-08:00,2,119,1425,2
bostonceltics,post,1,2026-02-20 09:00:00-08:00,1,62,217,1
bostonceltics,post,1,2026-02-20 10:00:00-08:00,4,44,576,4
bostonceltics,post,1,2026-02-20 15:00:00-08:00,1,96,916,1
bostonceltics,post,1,2026-02-20 21:00:00-08:00,1,33,7,1
bostonceltics,post,1,2026-02-21 06:00:00-08:00,1,61,816,1
bostonceltics,post,1,2026-02-21 10:00:00-08:00,1,3,30,1
bostonceltics,post,1,2026-02-21 15:00:00-08:00,1,68,125,1
bostonceltics,post,1,2026-02-21 21:00:00-08:00,1,16,5,1
bostonceltics,post,1,2026-02-22 00:00:00-08:00,1,30,113,1
bostonceltics,post,1,2026-02-22 03:00:00-08:00,1,161,1604,1
bostonceltics,post,1,2026-02-22 08:00:00-08:00,1,40,0,1
bostonceltics,post,1,2026-02-22 09:00:00-08:00,1,98,138,1
bostonceltics,post,1,2026-02-22 10:00:00-08:00,1,28,8,1
bostonceltics,post,1,2026-02-22 11:00:00-08:00,1,1,11,1
bostonceltics,post,1,2026-02-22 13:00:00-08:00,4,2171,575,4
bostonceltics,post,1,2026-02-22 15:00:00-08:00,3,68,1273,3
bostonceltics,post,1,2026-02-22 16:00:00-08:00,7,141,2734,3
bostonceltics,post,1,2026-02-22 17:00:00-08:00,7,351,2780,7
bostonceltics,post,1,2026-02-22 18:00:00-08:00,8,212,1174,7
bostonceltics,post,1,2026-02-22 19:00:00-08:00,4,140,1720,4
bostonceltics,post,1,2026-02-22 20:00:00-08:00,1,38,256,1
bostonceltics,post,1,2026-02-22 21:00:00-08:00,1,69,2,1
bostonceltics,post,1,2026-02-23 00:00:00-08:00,2,22,81,2
bostonceltics,post,1,2026-02-23 05:00:00-08:00,2,85,824,2
bostonceltics,post,1,2026-02-23 06:00:00-08:00,1,133,1859,1
bostonceltics,post,1,2026-02-23 07:00:00-08:00,2,55,491,2
bostonceltics,post,1,2026-02-23 09:00:00-08:00,2,166,707,2
bostonceltics,post,1,2026-02-23 12:00:00-08:00,2,34,141,2
bostonceltics,post,1,2026-02-23 15:00:00-08:00,1,15,478,1
bostonceltics,post,1,2026-02-23 16:00:00-08:00,2,4,42,2
bostonceltics,post,1,2026-02-23 18:00:00-08:00,2,118,80,2
bostonceltics,post,1,2026-02-23 21:00:00-08:00,1,34,2,1
bostonceltics,post,1,2026-02-24 09:00:00-08:00,1,12,249,1
bostonceltics,post,1,2026-02-24 10:00:00-08:00,1,25,393,1
bostonceltics,post,1,2026-02-24 11:00:00-08:00,3,113,394,3
bostonceltics,post,1,2026-02-24 15:00:00-08:00,1,47,396,1
bostonceltics,post,1,2026-02-24 16:00:00-08:00,1,1014,48,1
bostonceltics,post,1,2026-02-24 17:00:00-08:00,1,14,129,1
bostonceltics,post,1,2026-02-24 18:00:00-08:00,1,49,45,1
bostonceltics,post,1,2026-02-24 19:00:00-08:00,4,66,794,4
bostonceltics,post,1,2026-02-24 20:00:00-08:00,4,211,899,4
bostonceltics,post,1,2026-02-24 21:00:00-08:00,2,118,402,2
bostonceltics,post,1,2026-02-24 22:00:00-08:00,2,29,88,2
bostonceltics,post,1,2026-02-24 23:00:00-08:00,1,25,184,1
bostonceltics,post,1,2026-02-25 00:00:00-08:00,1,2,56,1
bostonceltics,post,1,2026-02-25 01:00:00-08:00,1,33,389,1
bostonceltics,post,1,2026-02-25 06:00:00-08:00,2,62,193,2
bostonceltics,post,1,2026-02-25 07:00:00-08:00,1,56,981,1
bostonceltics,post,1,2026-02-25 08:00:00-08:00,1,19,8,1
bostonceltics,post,1,2026-02-25 09:00:00-08:00,2,44,40,2
bostonceltics,post,1,2026-02-25 10:00:00-08:00,1,17,466,1
bostonceltics,post,1,2026-02-25 11:00:00-08:00,1,14,7,1
bostonceltics,post,1,2026-02-25 12:00:00-08:00,2,162,1326,2
bostonceltics,post,1,2026-02-25 15:00:00-08:00,1,34,32,1
bostonceltics,post,1,2026-02-25 17:00:00-08:00,1,1744,46,1
bostonceltics,post,1,2026-02-25 19:00:00-08:00,2,58,114,2
bostonceltics,post,1,2026-02-25 21:00:00-08:00,5,438,484,5
bostonceltics,post,1,2026-02-26 02:00:00-08:00,1,4,99,1
bostonceltics,post,1,2026-02-26 05:00:00-08:00,2,130,155,2
bostonceltics,post,1,2026-02-26 06:00:00-08:00,1,5,105,1
bostonceltics,post,1,2026-02-26 07:00:00-08:00,1,2,14,1
bostonceltics,post,1,2026-02-26 09:00:00-08:00,1,2,26,1
bostonceltics,post,1,2026-02-26 13:00:00-08:00,1,64,108,1
bostonceltics,post,1,2026-02-26 14:00:00-08:00,1,74,1019,1
bostonceltics,post,1,2026-02-26 15:00:00-08:00,2,148,1066,2
bostonceltics,post,1,2026-02-26 17:00:00-08:00,2,94,238,2
bostonceltics,post,1,2026-02-26 21:00:00-08:00,1,50,2,1
bostonceltics,post,1,2026-02-27 04:00:00-08:00,1,70,53,1
bostonceltics,post,1,2026-02-27 08:00:00-08:00,2,18,242,2
bostonceltics,post,1,2026-02-27 11:00:00-08:00,1,28,202,1
bostonceltics,post,1,2026-02-27 12:00:00-08:00,2,74,145,2
bostonceltics,post,1,2026-02-27 13:00:00-08:00,1,57,82,1
bostonceltics,post,1,2026-02-27 14:00:00-08:00,1,620,69,1
bostonceltics,post,1,2026-02-27 16:00:00-08:00,1,15,0,1
bostonceltics,post,1,2026-02-27 17:00:00-08:00,1,27,6,1
bostonceltics,post,1,2026-02-27 18:00:00-08:00,2,122,635,2
bostonceltics,post,1,2026-02-27 19:00:00-08:00,4,54,1431,4
bostonceltics,post,1,2026-02-27 20:00:00-08:00,1,11,226,1
bostonceltics,post,1,2026-02-27 21:00:00-08:00,2,66,14,2
bostonceltics,post,1,2026-02-28 00:00:00-08:00,1,15,0,1
bostonceltics,post,1,2026-02-28 03:00:00-08:00,1,3,175,1
bostonceltics,post,1,2026-02-28 10:00:00-08:00,2,59,342,2
bostonceltics,post,1,2026-02-28 11:00:00-08:00,1,118,109,1
bostonceltics,post,1,2026-02-28 14:00:00-08:00,1,33,244,1
bostonceltics,post,1,2026-02-28 15:00:00-08:00,2,17,21,2
bostonceltics,post,1,2026-02-28 16:00:00-08:00,1,50,247,1
bostonceltics,post,1,2026-02-28 19:00:00-08:00,1,31,7,1
bostonceltics,post,1,2026-02-28 21:00:00-08:00,1,28,2,1
bostonceltics,post,1,2026-02-28 22:00:00-08:00,1,27,77,1
bostonceltics,post,1,2026-03-01 07:00:00-08:00,1,14,168,1
bostonceltics,post,1,2026-03-01 10:00:00-08:00,1,22,187,1
bostonceltics,post,1,2026-03-01 14:00:00-08:00,1,18,13,1
bostonceltics,post,1,2026-03-01 15:00:00-08:00,1,1515,73,1
bostonceltics,post,1,2026-03-01 16:00:00-08:00,1,9,157,1
bostonceltics,post,1,2026-03-01 18:00:00-08:00,2,6,74,2
bostonceltics,post,1,2026-03-01 19:00:00-08:00,5,365,2987,5
bostonceltics,post,1,2026-03-01 20:00:00-08:00,3,69,719,3
bostonceltics,post,1,2026-03-01 21:00:00-08:00,1,64,4,1
bostonceltics,post,1,2026-03-01 22:00:00-08:00,2,31,187,2
bostonceltics,post,1,2026-03-02 01:00:00-08:00,1,24,291,1
bostonceltics,post,1,2026-03-02 02:00:00-08:00,1,17,71,1
bostonceltics,post,1,2026-03-02 03:00:00-08:00,1,69,81,1
bostonceltics,post,1,2026-03-02 06:00:00-08:00,1,26,456,1
bostonceltics,post,1,2026-03-02 07:00:00-08:00,2,71,353,2
bostonceltics,post,1,2026-03-02 08:00:00-08:00,1,30,0,1
bostonceltics,post,1,2026-03-02 09:00:00-08:00,3,119,569,3
bostonceltics,post,1,2026-03-02 10:00:00-08:00,3,95,1533,3
bostonceltics,post,1,2026-03-02 11:00:00-08:00,2,41,105,2
bostonceltics,post,1,2026-03-02 12:00:00-08:00,1,38,11,1
bostonceltics,post,1,2026-03-02 14:00:00-08:00,3,915,289,3
bostonceltics,post,1,2026-03-02 17:00:00-08:00,1,19,0,1
bostonceltics,post,1,2026-03-02 18:00:00-08:00,6,320,1782,5
bostonceltics,post,1,2026-03-02 19:00:00-08:00,2,60,504,2
bostonceltics,post,1,2026-03-02 20:00:00-08:00,3,70,198,3
bostonceltics,post,1,2026-03-02 21:00:00-08:00,3,104,782,3
bostonceltics,post,1,2026-03-02 23:00:00-08:00,1,28,105,1
bostonceltics,post,1,2026-03-03 06:00:00-08:00,2,52,690,2
bostonceltics,post,1,2026-03-03 09:00:00-08:00,2,62,330,2
bostonceltics,post,1,2026-03-03 10:00:00-08:00,1,23,262,1
bostonceltics,post,1,2026-03-03 11:00:00-08:00,5,88,858,5
bostonceltics,post,1,2026-03-03 12:00:00-08:00,2,74,1941,2
bostonceltics,post,1,2026-03-03 13:00:00-08:00,1,53,68,1
bostonceltics,post,1,2026-03-03 14:00:00-08:00,1,26,0,1
bostonceltics,post,1,2026-03-03 17:00:00-08:00,2,71,557,2
bostonceltics,post,1,2026-03-03 21:00:00-08:00,1,39,1,1
bostonceltics,post,1,2026-03-03 23:00:00-08:00,1,46,318,1
bostonceltics,post,1,2026-03-04 00:00:00-08:00,1,3,146,1
bostonceltics,post,1,2026-03-04 05:00:00-08:00,1,1,13,1
bostonceltics,post,1,2026-03-04 08:00:00-08:00,2,88,694,2
bostonceltics,post,1,2026-03-04 09:00:00-08:00,1,4,32,1
bostonceltics,post,1,2026-03-04 11:00:00-08:00,1,38,103,1
bostonceltics,post,1,2026-03-04 12:00:00-08:00,1,15,138,1
bostonceltics,post,1,2026-03-04 14:00:00-08:00,1,1162,43,1
bostonceltics,post,1,2026-03-04 15:00:00-08:00,1,78,43,1
bostonceltics,post,1,2026-03-04 16:00:00-08:00,3,81,399,3
bostonceltics,post,1,2026-03-04 17:00:00-08:00,1,72,98,1
bostonceltics,post,1,2026-03-04 18:00:00-08:00,2,185,274,2
bostonceltics,post,1,2026-03-04 21:00:00-08:00,1,92,1,1
bostonceltics,post,1,2026-03-04 22:00:00-08:00,1,10,321,1
bostonceltics,post,1,2026-03-05 07:00:00-08:00,1,34,10,1
bostonceltics,post,1,2026-03-05 09:00:00-08:00,2,332,2505,1
bostonceltics,post,1,2026-03-05 10:00:00-08:00,5,170,2158,5
bostonceltics,post,1,2026-03-05 11:00:00-08:00,2,29,181,2
bostonceltics,post,1,2026-03-05 12:00:00-08:00,2,135,597,2
bostonceltics,post,1,2026-03-05 14:00:00-08:00,1,17,159,1
bostonceltics,post,1,2026-03-05 15:00:00-08:00,1,26,25,1
bostonceltics,post,1,2026-03-05 17:00:00-08:00,1,29,371,1
bostonceltics,post,1,2026-03-05 18:00:00-08:00,2,45,371,2
bostonceltics,post,1,2026-03-05 21:00:00-08:00,1,92,12,1
bostonceltics,post,1,2026-03-05 23:00:00-08:00,1,15,9,1
bostonceltics,post,1,2026-03-06 02:00:00-08:00,1,7,132,1
bostonceltics,post,1,2026-03-06 04:00:00-08:00,2,47,1877,2
bostonceltics,post,1,2026-03-06 05:00:00-08:00,1,25,123,1
bostonceltics,post,1,2026-03-06 06:00:00-08:00,1,10,7,1
bostonceltics,post,1,2026-03-06 08:00:00-08:00,2,63,547,2
bostonceltics,post,1,2026-03-06 10:00:00-08:00,2,138,1207,1
bostonceltics,post,1,2026-03-06 11:00:00-08:00,3,89,811,3
bostonceltics,post,1,2026-03-06 12:00:00-08:00,3,120,159,3
bostonceltics,post,1,2026-03-06 13:00:00-08:00,1,3,68,1
bostonceltics,post,1,2026-03-06 14:00:00-08:00,9,2734,2353,5
bostonceltics,post,1,2026-03-06 15:00:00-08:00,7,55,1098,5
bostonceltics,post,1,2026-03-06 16:00:00-08:00,3,89,996,3
bostonceltics,post,1,2026-03-06 17:00:00-08:00,7,165,3176,4
bostonceltics,post,1,2026-03-06 18:00:00-08:00,15,417,6812,12
bostonceltics,post,1,2026-03-06 19:00:00-08:00,3,51,1375,3
bostonceltics,post,1,2026-03-06 20:00:00-08:00,1,7,8,1
bostonceltics,post,1,2026-03-06 21:00:00-08:00,1,78,4,1
bostonceltics,post,1,2026-03-06 22:00:00-08:00,1,33,406,1
bostonceltics,post,1,2026-03-07 00:00:00-08:00,1,8,245,1
bostonceltics,post,1,2026-03-07 03:00:00-08:00,3,55,675,3
bostonceltics,post,1,2026-03-07 04:00:00-08:00,1,79,299,1
bostonceltics,post,1,2026-03-07 05:00:00-08:00,2,50,1183,2
bostonceltics,post,1,2026-03-07 07:00:00-08:00,4,60,327,4
bostonceltics,post,1,2026-03-07 08:00:00-08:00,1,0,15,1
bostonceltics,post,1,2026-03-07 09:00:00-08:00,4,38,476,4
bostonceltics,post,1,2026-03-07 11:00:00-08:00,1,7,63,1
bostonceltics,post,1,2026-03-07 12:00:00-08:00,1,41,538,1
bostonceltics,post,1,2026-03-07 14:00:00-08:00,1,40,373,1
bostonceltics,post,1,2026-03-07 18:00:00-08:00,2,88,201,2
bostonceltics,post,1,2026-03-07 20:00:00-08:00,1,13,292,1
bostonceltics,post,1,2026-03-07 21:00:00-08:00,2,29,13,2
bostonceltics,post,1,2026-03-08 06:00:00-07:00,1,2,0,1
bostonceltics,post,1,2026-03-08 07:00:00-07:00,3,74,146,3
bostonceltics,post,1,2026-03-08 08:00:00-07:00,1,2154,97,1
bostonceltics,post,1,2026-03-08 09:00:00-07:00,1,2,21,1
bostonceltics,post,1,2026-03-08 10:00:00-07:00,3,56,948,2
bostonceltics,post,1,2026-03-08 11:00:00-07:00,1,6,232,1
bostonceltics,post,1,2026-03-08 12:00:00-07:00,7,301,2250,5
bostonceltics,post,1,2026-03-08 13:00:00-07:00,1,42,0,1
bostonceltics,post,1,2026-03-08 14:00:00-07:00,3,62,185,3
bostonceltics,post,1,2026-03-08 15:00:00-07:00,1,42,259,1
bostonceltics,post,1,2026-03-08 16:00:00-07:00,2,32,379,2
bostonceltics,post,1,2026-03-08 17:00:00-07:00,4,40,151,4
bostonceltics,post,1,2026-03-08 18:00:00-07:00,1,27,27,1
lakers,comment,1,2026-03-08 15:00:00-07:00,307,0,2601,179
lakers,comment,1,2026-03-08 16:00:00-07:00,287,0,876,182
lakers,comment,1,2026-03-08 17:00:00-07:00,206,0,469,145
lakers,comment,1,2026-03-08 18:00:00-07:00,137,0,144,95
lakers,post,1,2026-02-09 23:00:00-08:00,2,334,1513,2
lakers,post,1,2026-02-10 02:00:00-08:00,1,14,12,1
lakers,post,1,2026-02-10 03:00:00-08:00,1,14,30,1
lakers,post,1,2026-02-10 07:00:00-08:00,2,143,343,2
lakers,post,1,2026-02-10 08:00:00-08:00,2,586,793,2
lakers,post,1,2026-02-10 09:00:00-08:00,1,99,0,1
lakers,post,1,2026-02-10 10:00:00-08:00,2,78,59,2
lakers,post,1,2026-02-10 11:00:00-08:00,2,86,717,2
lakers,post,1,2026-02-10 12:00:00-08:00,1,8,11,1
lakers,post,1,2026-02-10 13:00:00-08:00,3,427,887,3
lakers,post,1,2026-02-10 14:00:00-08:00,1,15,7,1
lakers,post,1,2026-02-10 15:00:00-08:00,3,111,355,3
lakers,post,1,2026-02-10 17:00:00-08:00,2,197,542,2
lakers,post,1,2026-02-10 18:00:00-08:00,2,2864,140,2
lakers,post,1,2026-02-10 19:00:00-08:00,4,195,674,4
lakers,post,1,2026-02-10 20:00:00-08:00,4,146,2103,4
lakers,post,1,2026-02-10 21:00:00-08:00,6,789,3262,6
lakers,post,1,2026-02-10 22:00:00-08:00,4,450,1600,4
lakers,post,1,2026-02-11 02:00:00-08:00,2,37,302,2
lakers,post,1,2026-02-11 03:00:00-08:00,2,179,210,2
lakers,post,1,2026-02-11 06:00:00-08:00,1,20,90,1
lakers,post,1,2026-02-11 07:00:00-08:00,3,232,337,3
lakers,post,1,2026-02-11 08:00:00-08:00,1,58,7,1
lakers,post,1,2026-02-11 09:00:00-08:00,2,82,1299,2
lakers,post,1,2026-02-11 10:00:00-08:00,1,49,672,1
lakers,post,1,2026-02-11 11:00:00-08:00,1,23,229,1
lakers,post,1,2026-02-11 12:00:00-08:00,1,3,35,1
lakers,post,1,2026-02-11 13:00:00-08:00,2,332,598,2
lakers,post,1,2026-02-11 15:00:00-08:00,2,143,158,2
lakers,post,1,2026-02-11 17:00:00-08:00,2,158,1092,2
lakers,post,1,2026-02-11 18:00:00-08:00,1,46,48,1
lakers,post,1,2026-02-11 19:00:00-08:00,3,612,765,3
lakers,post,1,2026-02-11 20:00:00-08:00,1,55,350,1
lakers,post,1,2026-02-11 22:00:00-08:00,1,53,0,1
lakers,post,1,2026-02-12 00:00:00-08:00,2,53,179,2
lakers,post,1,2026-02-12 01:00:00-08:00,1,29,300,1
lakers,post,1,2026-02-12 07:00:00-08:00,3,544,514,3
lakers,post,1,2026-02-12 11:00:00-08:00,2,127,1432,2
lakers,post,1,2026-02-12 13:00:00-08:00,1,49,61,1
lakers,post,1,2026-02-12 14:00:00-08:00,1,56,155,1
lakers,post,1,2026-02-12 15:00:00-08:00,3,45,555,3
lakers,post,1,2026-02-12 17:00:00-08:00,1,53,410,1
lakers,post,1,2026-02-12 18:00:00-08:00,1,2180,76,1
lakers,post,1,2026-02-12 19:00:00-08:00,3,94,257,3
lakers,post,1,2026-02-12 20:00:00-08:00,1,10,55,1
lakers,post,1,2026-02-12 21:00:00-08:00,8,664,5952,8
lakers,post,1,2026-02-12 22:00:00-08:00,2,77,1234,2
lakers,post,1,2026-02-12 23:00:00-08:00,2,115,1193,2
lakers,post,1,2026-02-13 00:00:00-08:00,1,56,391,1
lakers,post,1,2026-02-13 03:00:00-08:00,1,4,113,1
lakers,post,1,2026-02-13 04:00:00-08:00,2,95,1324,2
lakers,post,1,2026-02-13 05:00:00-08:00,1,70,1025,1
lakers,post,1,2026-02-13 06:00:00-08:00,2,54,7,2
lakers,post,1,2026-02-13 07:00:00-08:00,1,117,8,1
lakers,post,1,2026-02-13 08:00:00-08:00,2,69,219,2
lakers,post,1,2026-02-13 09:00:00-08:00,2,80,48,2
lakers,post,1,2026-02-13 11:00:00-08:00,3,161,845,3
lakers,post,1,2026-02-13 12:00:00-08:00,1,68,459,1
lakers,post,1,2026-02-13 18:00:00-08:00,2,632,1127,2
lakers,post,1,2026-02-13 21:00:00-08:00,1,46,23,1
lakers,post,1,2026-02-13 22:00:00-08:00,3,98,276,3
lakers,post,1,2026-02-14 00:00:00-08:00,1,43,0,1
lakers,post,1,2026-02-14 06:00:00-08:00,1,98,0,1
lakers,post,1,2026-02-14 07:00:00-08:00,1,214,8,1
lakers,post,1,2026-02-14 08:00:00-08:00,1,20,336,1
lakers,post,1,2026-02-14 09:00:00-08:00,1,58,836,1
lakers,post,1,2026-02-14 10:00:00-08:00,1,13,625,1
lakers,post,1,2026-02-14 11:00:00-08:00,1,105,174,1
lakers,post,1,2026-02-14 12:00:00-08:00,6,226,1275,6
lakers,post,1,2026-02-14 13:00:00-08:00,1,116,1066,1
lakers,post,1,2026-02-14 15:00:00-08:00,1,5,10,1
lakers,post,1,2026-02-14 16:00:00-08:00,3,243,2563,3
lakers,post,1,2026-02-14 20:00:00-08:00,1,34,681,1
lakers,post,1,2026-02-14 22:00:00-08:00,2,61,691,2
lakers,post,1,2026-02-14 23:00:00-08:00,2,248,2742,2
lakers,post,1,2026-02-15 07:00:00-08:00,3,378,616,3
lakers,post,1,2026-02-15 08:00:00-08:00,2,168,486,2
lakers,post,1,2026-02-15 12:00:00-08:00,1,120,2445,1
lakers,post,1,2026-02-15 13:00:00-08:00,1,35,357,1
lakers,post,1,2026-02-15 14:00:00-08:00,1,388,225,1
lakers,post,1,2026-02-15 16:00:00-08:00,1,15,364,1
lakers,post,1,2026-02-15 17:00:00-08:00,1,17,0,1
lakers,post,1,2026-02-15 18:00:00-08:00,1,50,0,1
lakers,post,1,2026-02-15 20:00:00-08:00,2,506,1806,2
lakers,post,1,2026-02-15 21:00:00-08:00,1,57,2,1
lakers,post,1,2026-02-15 22:00:00-08:00,1,20,356,1
lakers,post,1,2026-02-15 23:00:00-08:00,1,0,72,1
lakers,post,1,2026-02-16 00:00:00-08:00,1,219,343,1
lakers,post,1,2026-02-16 06:00:00-08:00,1,57,337,1
lakers,post,1,2026-02-16 07:00:00-08:00,1,51,11,1
lakers,post,1,2026-02-16 08:00:00-08:00,1,32,602,1
lakers,post,1,2026-02-16 09:00:00-08:00,2,276,195,2
lakers,post,1,2026-02-16 10:00:00-08:00,1,50,904,1
lakers,post,1,2026-02-16 11:00:00-08:00,1,62,0,1
lakers,post,1,2026-02-16 15:00:00-08:00,3,350,675,3
lakers,post,1,2026-02-16 17:00:00-08:00,1,32,0,1
lakers,post,1,2026-02-16 18:00:00-08:00,1,72,259,1
lakers,post,1,2026-02-16 19:00:00-08:00,1,171,3363,1
lakers,post,1,2026-02-16 20:00:00-08:00,1,50,47,1
lakers,post,1,2026-02-16 22:00:00-08:00,2,155,131,2
lakers,post,1,2026-02-16 23:00:00-08:00,1,56,28,1
lakers,post,1,2026-02-17 02:00:00-08:00,1,35,0,1
lakers,post,1,2026-02-17 03:00:00-08:00,1,81,21,1
lakers,post,1,2026-02-17 07:00:00-08:00,2,464,495,2
lakers,post,1,2026-02-17 11:00:00-08:00,3,649,1374,3
lakers,post,1,2026-02-17 13:00:00-08:00,1,97,183,1
lakers,post,1,2026-02-17 14:00:00-08:00,1,78,1209,1
lakers,post,1,2026-02-17 15:00:00-08:00,1,3,82,1
lakers,post,1,2026-02-17 17:00:00-08:00,2,93,1355,2
lakers,post,1,2026-02-17 19:00:00-08:00,2,124,2982,2
lakers,post,1,2026-02-17 21:00:00-08:00,1,6,167,1
lakers,post,1,2026-02-18 04:00:00-08:00,1,8,278,1
lakers,post,1,2026-02-18 07:00:00-08:00,1,114,10,1
lakers,post,1,2026-02-18 10:00:00-08:00,1,107,66,1
lakers,post,1,2026-02-18 11:00:00-08:00,2,119,1136,2
lakers,post,1,2026-02-18 15:00:00-08:00,1,54,0,1
lakers,post,1,2026-02-18 16:00:00-08:00,1,19,0,1
lakers,post,1,2026-02-18 17:00:00-08:00,1,133,0,1
lakers,post,1,2026-02-19 06:00:00-08:00,1,14,16,1
lakers,post,1,2026-02-19 07:00:00-08:00,1,131,10,1
lakers,post,1,2026-02-19 08:00:00-08:00,1,3,42,1
lakers,post,1,2026-02-19 09:00:00-08:00,2,20,432,1
lakers,post,1,2026-02-19 11:00:00-08:00,3,192,778,3
lakers,post,1,2026-02-19 12:00:00-08:00,5,198,303,5
lakers,post,1,2026-02-19 13:00:00-08:00,1,80,805,1
lakers,post,1,2026-02-19 14:00:00-08:00,2,314,915,2
lakers,post,1,2026-02-19 15:00:00-08:00,5,192,1857,4
lakers,post,1,2026-02-19 16:00:00-08:00,1,169,315,1
lakers,post,1,2026-02-19 17:00:00-08:00,2,71,479,2
lakers,post,1,2026-02-19 20:00:00-08:00,2,65,6,2
lakers,post,1,2026-02-19 21:00:00-08:00,3,170,630,3
lakers,post,1,2026-02-20 03:00:00-08:00,1,209,344,1
lakers,post,1,2026-02-20 05:00:00-08:00,1,6,12,1
lakers,post,1,2026-02-20 06:00:00-08:00,1,41,542,1
lakers,post,1,2026-02-20 07:00:00-08:00,1,104,14,1
lakers,post,1,2026-02-20 08:00:00-08:00,1,141,47,1
lakers,post,1,2026-02-20 10:00:00-08:00,1,33,9,1
lakers,post,1,2026-02-20 11:00:00-08:00,3,233,654,3
lakers,post,1,2026-02-20 12:00:00-08:00,2,120,298,2
lakers,post,1,2026-02-20 13:00:00-08:00,1,50,2,1
lakers,post,1,2026-02-20 14:00:00-08:00,2,119,29,2
lakers,post,1,2026-02-20 15:00:00-08:00,1,28,244,1
lakers,post,1,2026-02-20 16:00:00-08:00,1,18,0,1
lakers,post,1,2026-02-20 17:00:00-08:00,1,5,37,1
lakers,post,1,2026-02-20 18:00:00-08:00,4,4993,2256,4
lakers,post,1,2026-02-20 20:00:00-08:00,1,56,99,1
lakers,post,1,2026-02-20 21:00:00-08:00,11,814,7349,9
lakers,post,1,2026-02-20 22:00:00-08:00,14,606,3141,13
lakers,post,1,2026-02-20 23:00:00-08:00,1,23,60,1
lakers,post,1,2026-02-21 00:00:00-08:00,1,66,44,1
lakers,post,1,2026-02-21 03:00:00-08:00,1,119,1983,1
lakers,post,1,2026-02-21 05:00:00-08:00,1,48,216,1
lakers,post,1,2026-02-21 07:00:00-08:00,4,172,661,4
lakers,post,1,2026-02-21 08:00:00-08:00,1,4,55,1
lakers,post,1,2026-02-21 09:00:00-08:00,2,168,2000,2
lakers,post,1,2026-02-21 10:00:00-08:00,1,25,58,1
lakers,post,1,2026-02-21 12:00:00-08:00,2,47,86,2
lakers,post,1,2026-02-21 13:00:00-08:00,1,23,180,1
lakers,post,1,2026-02-21 14:00:00-08:00,1,33,74,1
lakers,post,1,2026-02-21 16:00:00-08:00,3,318,610,3
lakers,post,1,2026-02-21 17:00:00-08:00,2,95,438,2
lakers,post,1,2026-02-21 20:00:00-08:00,1,15,10,1
lakers,post,1,2026-02-21 21:00:00-08:00,5,330,2075,5
lakers,post,1,2026-02-22 00:00:00-08:00,1,27,92,1
lakers,post,1,2026-02-22 04:00:00-08:00,2,85,349,2
lakers,post,1,2026-02-22 06:00:00-08:00,1,65,84,1
lakers,post,1,2026-02-22 07:00:00-08:00,3,97,581,3
lakers,post,1,2026-02-22 09:00:00-08:00,2,49,236,2
lakers,post,1,2026-02-22 13:00:00-08:00,4,108,1135,4
lakers,post,1,2026-02-22 14:00:00-08:00,2,5433,75,2
lakers,post,1,2026-02-22 15:00:00-08:00,3,143,117,3
lakers,post,1,2026-02-22 17:00:00-08:00,6,927,1557,6
lakers,post,1,2026-02-22 18:00:00-08:00,15,997,1441,14
lakers,post,1,2026-02-22 19:00:00-08:00,2,64,0,2
lakers,post,1,2026-02-22 20:00:00-08:00,6,232,705,6
lakers,post,1,2026-02-22 21:00:00-08:00,4,116,76,4
lakers,post,1,2026-02-22 22:00:00-08:00,2,75,0,2
lakers,post,1,2026-02-22 23:00:00-08:00,4,361,1428,4
lakers,post,1,2026-02-23 00:00:00-08:00,2,46,141,2
lakers,post,1,2026-02-23 01:00:00-08:00,4,195,1273,3
lakers,post,1,2026-02-23 05:00:00-08:00,2,59,127,2
lakers,post,1,2026-02-23 07:00:00-08:00,2,218,10,2
lakers,post,1,2026-02-23 08:00:00-08:00,1,3,0,1
lakers,post,1,2026-02-23 09:00:00-08:00,3,302,466,3
lakers,post,1,2026-02-23 10:00:00-08:00,3,379,1154,3
lakers,post,1,2026-02-23 13:00:00-08:00,3,107,75,3
lakers,post,1,2026-02-23 14:00:00-08:00,1,158,709,1
lakers,post,1,2026-02-23 16:00:00-08:00,2,92,58,2
lakers,post,1,2026-02-23 17:00:00-08:00,2,176,86,2
lakers,post,1,2026-02-23 18:00:00-08:00,4,231,693,4
lakers,post,1,2026-02-23 21:00:00-08:00,1,27,214,1
lakers,post,1,2026-02-23 23:00:00-08:00,1,20,0,1
lakers,post,1,2026-02-24 00:00:00-08:00,1,27,0,1
lakers,post,1,2026-02-24 01:00:00-08:00,2,58,7,2
lakers,post,1,2026-02-24 03:00:00-08:00,1,17,0,1
lakers,post,1,2026-02-24 05:00:00-08:00,1,8,10,1
lakers,post,1,2026-02-24 07:00:00-08:00,2,224,84,2
lakers,post,1,2026-02-24 09:00:00-08:00,3,126,1198,3
lakers,post,1,2026-02-24 11:00:00-08:00,2,51,54,2
lakers,post,1,2026-02-24 13:00:00-08:00,1,74,0,1
lakers,post,1,2026-02-24 14:00:00-08:00,4,656,678,4
lakers,post,1,2026-02-24 17:00:00-08:00,3,406,511,3
lakers,post,1,2026-02-24 18:00:00-08:00,1,3627,68,1
lakers,post,1,2026-02-24 19:00:00-08:00,1,17,0,1
lakers,post,1,2026-02-24 20:00:00-08:00,3,60,254,3
lakers,post,1,2026-02-24 21:00:00-08:00,4,83,520,3
lakers,post,1,2026-02-24 22:00:00-08:00,21,2461,6466,20
lakers,post,1,2026-02-24 23:00:00-08:00,9,431,858,9
lakers,post,1,2026-02-25 01:00:00-08:00,1,64,0,1
lakers,post,1,2026-02-25 02:00:00-08:00,1,64,0,1
lakers,post,1,2026-02-25 03:00:00-08:00,1,33,11,1
lakers,post,1,2026-02-25 04:00:00-08:00,3,173,43,3
lakers,post,1,2026-02-25 05:00:00-08:00,2,23,10,2
lakers,post,1,2026-02-25 06:00:00-08:00,1,196,245,1
lakers,post,1,2026-02-25 07:00:00-08:00,2,255,3,2
lakers,post,1,2026-02-25 08:00:00-08:00,2,486,411,2
lakers,post,1,2026-02-25 09:00:00-08:00,2,123,223,2
lakers,post,1,2026-02-25 10:00:00-08:00,3,322,673,3
lakers,post,1,2026-02-25 12:00:00-08:00,2,29,8,2
lakers,post,1,2026-02-25 13:00:00-08:00,4,190,160,4
lakers,post,1,2026-02-25 14:00:00-08:00,5,395,519,5
lakers,post,1,2026-02-25 16:00:00-08:00,2,117,139,2
lakers,post,1,2026-02-25 17:00:00-08:00,2,100,394,2
lakers,post,1,2026-02-25 18:00:00-08:00,1,24,16,1
lakers,post,1,2026-02-25 19:00:00-08:00,2,95,37,2
lakers,post,1,2026-02-25 21:00:00-08:00,1,16,7,1
lakers,post,1,2026-02-25 22:00:00-08:00,2,460,1120,2
lakers,post,1,2026-02-25 23:00:00-08:00,2,112,102,2
lakers,post,1,2026-02-26 01:00:00-08:00,1,34,0,1
lakers,post,1,2026-02-26 04:00:00-08:00,1,34,7,1
lakers,post,1,2026-02-26 05:00:00-08:00,3,479,998,3
lakers,post,1,2026-02-26 07:00:00-08:00,5,390,1112,5
lakers,post,1,2026-02-26 08:00:00-08:00,1,65,86,1
lakers,post,1,2026-02-26 09:00:00-08:00,2,50,3,2
lakers,post,1,2026-02-26 10:00:00-08:00,1,89,441,1
lakers,post,1,2026-02-26 11:00:00-08:00,5,233,547,4
lakers,post,1,2026-02-26 12:00:00-08:00,3,133,182,3
lakers,post,1,2026-02-26 13:00:00-08:00,1,12,21,1
lakers,post,1,2026-02-26 15:00:00-08:00,1,81,1,1
lakers,post,1,2026-02-26 16:00:00-08:00,1,5,146,1
lakers,post,1,2026-02-26 17:00:00-08:00,2,5168,343,2
lakers,post,1,2026-02-26 18:00:00-08:00,1,60,71,1
lakers,post,1,2026-02-26 19:00:00-08:00,4,161,565,2
lakers,post,1,2026-02-26 20:00:00-08:00,27,2949,9273,27
lakers,post,1,2026-02-26 21:00:00-08:00,16,656,840,16
lakers,post,1,2026-02-26 22:00:00-08:00,7,190,24,7
lakers,post,1,2026-02-26 23:00:00-08:00,4,147,705,4
lakers,post,1,2026-02-27 00:00:00-08:00,1,42,78,1
lakers,post,1,2026-02-27 01:00:00-08:00,2,62,0,2
lakers,post,1,2026-02-27 03:00:00-08:00,1,199,509,1
lakers,post,1,2026-02-27 05:00:00-08:00,2,4,6,2
lakers,post,1,2026-02-27 06:00:00-08:00,3,299,139,3
lakers,post,1,2026-02-27 07:00:00-08:00,5,310,20,5
lakers,post,1,2026-02-27 08:00:00-08:00,5,154,43,5
lakers,post,1,2026-02-27 09:00:00-08:00,3,102,334,3
lakers,post,1,2026-02-27 10:00:00-08:00,7,363,1990,7
lakers,post,1,2026-02-27 11:00:00-08:00,4,342,2013,4
lakers,post,1,2026-02-27 12:00:00-08:00,3,150,37,3
lakers,post,1,2026-02-27 13:00:00-08:00,3,81,211,3
lakers,post,1,2026-02-27 14:00:00-08:00,2,280,372,2
lakers,post,1,2026-02-27 15:00:00-08:00,1,73,545,1
lakers,post,1,2026-02-27 16:00:00-08:00,2,87,304,2
lakers,post,1,2026-02-27 17:00:00-08:00,3,155,140,3
lakers,post,1,2026-02-27 18:00:00-08:00,2,82,155,2
lakers,post,1,2026-02-27 19:00:00-08:00,2,65,166,2
lakers,post,1,2026-02-27 20:00:00-08:00,3,44,244,3
lakers,post,1,2026-02-27 21:00:00-08:00,3,166,112,3
lakers,post,1,2026-02-27 22:00:00-08:00,2,66,157,1
lakers,post,1,2026-02-27 23:00:00-08:00,2,59,1067,2
lakers,post,1,2026-02-28 00:00:00-08:00,2,172,641,2
lakers,post,1,2026-02-28 01:00:00-08:00,1,45,109,1
lakers,post,1,2026-02-28 04:00:00-08:00,1,28,0,1
lakers,post,1,2026-02-28 07:00:00-08:00,3,122,244,3
lakers,post,1,2026-02-28 09:00:00-08:00,1,15,245,1
lakers,post,1,2026-02-28 10:00:00-08:00,2,41,622,2
lakers,post,1,2026-02-28 11:00:00-08:00,3,79,807,3
lakers,post,1,2026-02-28 12:00:00-08:00,2,234,287,2
lakers,post,1,2026-02-28 14:00:00-08:00,2,151,61,2
lakers,post,1,2026-02-28 15:00:00-08:00,2,102,1537,2
lakers,post,1,2026-02-28 16:00:00-08:00,5,1918,238,5
lakers,post,1,2026-02-28 17:00:00-08:00,2,65,55,2
lakers,post,1,2026-02-28 19:00:00-08:00,9,402,5123,6
lakers,post,1,2026-02-28 20:00:00-08:00,5,264,1680,5
lakers,post,1,2026-02-28 21:00:00-08:00,2,118,1423,2
lakers,post,1,2026-02-28 23:00:00-08:00,1,48,19,1
lakers,post,1,2026-03-01 03:00:00-08:00,1,29,0,1
lakers,post,1,2026-03-01 05:00:00-08:00,3,93,299,2
lakers,post,1,2026-03-01 07:00:00-08:00,2,104,15,2
lakers,post,1,2026-03-01 08:00:00-08:00,3,94,194,3
lakers,post,1,2026-03-01 09:00:00-08:00,1,59,290,1
lakers,post,1,2026-03-01 10:00:00-08:00,3,77,671,3
lakers,post,1,2026-03-01 12:00:00-08:00,1,29,25,1
lakers,post,1,2026-03-01 13:00:00-08:00,3,160,981,3
lakers,post,1,2026-03-01 15:00:00-08:00,1,108,275,1
lakers,post,1,2026-03-01 17:00:00-08:00,1,1993,100,1
lakers,post,1,2026-03-01 18:00:00-08:00,1,16,4,1
lakers,post,1,2026-03-01 19:00:00-08:00,4,196,3160,4
lakers,post,1,2026-03-01 20:00:00-08:00,7,394,3938,6
lakers,post,1,2026-03-01 21:00:00-08:00,6,294,1366,6
lakers,post,1,2026-03-01 22:00:00-08:00,1,74,0,1
lakers,post,1,2026-03-01 23:00:00-08:00,1,12,26,1
lakers,post,1,2026-03-02 00:00:00-08:00,3,162,741,3
lakers,post,1,2026-03-02 03:00:00-08:00,1,45,125,1
lakers,post,1,2026-03-02 05:00:00-08:00,1,4,35,1
lakers,post,1,2026-03-02 06:00:00-08:00,2,53,11,2
lakers,post,1,2026-03-02 07:00:00-08:00,2,177,10,2
lakers,post,1,2026-03-02 08:00:00-08:00,3,205,1866,3
lakers,post,1,2026-03-02 09:00:00-08:00,1,34,521,1
lakers,post,1,2026-03-02 10:00:00-08:00,4,101,315,4
lakers,post,1,2026-03-02 13:00:00-08:00,1,83,79,1
lakers,post,1,2026-03-02 15:00:00-08:00,2,60,186,2
lakers,post,1,2026-03-02 16:00:00-08:00,2,54,833,2
lakers,post,1,2026-03-02 17:00:00-08:00,1,21,1155,1
lakers,post,1,2026-03-02 20:00:00-08:00,1,21,76,1
lakers,post,1,2026-03-02 23:00:00-08:00,1,49,20,1
lakers,post,1,2026-03-03 01:00:00-08:00,2,171,1249,2
lakers,post,1,2026-03-03 02:00:00-08:00,2,92,150,2
lakers,post,1,2026-03-03 06:00:00-08:00,1,39,373,1
lakers,post,1,2026-03-03 07:00:00-08:00,2,83,14,2
lakers,post,1,2026-03-03 08:00:00-08:00,2,48,202,2
lakers,post,1,2026-03-03 09:00:00-08:00,1,101,2127,1
lakers,post,1,2026-03-03 12:00:00-08:00,1,4,34,1
lakers,post,1,2026-03-03 13:00:00-08:00,2,133,1632,2
lakers,post,1,2026-03-03 14:00:00-08:00,2,33,87,2
lakers,post,1,2026-03-03 15:00:00-08:00,1,26,38,1
lakers,post,1,2026-03-03 16:00:00-08:00,1,28,0,1
lakers,post,1,2026-03-03 17:00:00-08:00,2,76,149,2
lakers,post,1,2026-03-03 18:00:00-08:00,3,3578,838,3
lakers,post,1,2026-03-03 19:00:00-08:00,4,115,601,4
lakers,post,1,2026-03-03 20:00:00-08:00,3,86,2583,3
lakers,post,1,2026-03-03 21:00:00-08:00,2,72,80,1
lakers,post,1,2026-03-03 22:00:00-08:00,13,790,4367,12
lakers,post,1,2026-03-03 23:00:00-08:00,6,200,1112,6
lakers,post,1,2026-03-04 00:00:00-08:00,2,35,104,2
lakers,post,1,2026-03-04 01:00:00-08:00,1,33,0,1
lakers,post,1,2026-03-04 02:00:00-08:00,1,30,294,1
lakers,post,1,2026-03-04 05:00:00-08:00,1,57,11,1
lakers,post,1,2026-03-04 06:00:00-08:00,2,40,227,2
lakers,post,1,2026-03-04 07:00:00-08:00,4,200,847,4
lakers,post,1,2026-03-04 08:00:00-08:00,3,455,1272,3
lakers,post,1,2026-03-04 09:00:00-08:00,5,133,1298,5
lakers,post,1,2026-03-04 10:00:00-08:00,4,324,567,4
lakers,post,1,2026-03-04 11:00:00-08:00,2,79,36,2
lakers,post,1,2026-03-04 14:00:00-08:00,1,2,67,1
lakers,post,1,2026-03-04 15:00:00-08:00,3,135,16,3
lakers,post,1,2026-03-04 16:00:00-08:00,2,82,336,2
lakers,post,1,2026-03-04 17:00:00-08:00,2,54,423,2
lakers,post,1,2026-03-04 18:00:00-08:00,1,39,600,1
lakers,post,1,2026-03-05 00:00:00-08:00,1,21,75,1
lakers,post,1,2026-03-05 05:00:00-08:00,1,107,339,1
lakers,post,1,2026-03-05 07:00:00-08:00,3,202,185,3
lakers,post,1,2026-03-05 10:00:00-08:00,1,42,293,1
lakers,post,1,2026-03-05 11:00:00-08:00,1,59,325,1
lakers,post,1,2026-03-05 13:00:00-08:00,1,38,45,1
lakers,post,1,2026-03-05 18:00:00-08:00,4,7321,697,4
lakers,post,1,2026-03-05 19:00:00-08:00,1,34,555,1
lakers,post,1,2026-03-05 20:00:00-08:00,4,117,351,3
lakers,post,1,2026-03-05 21:00:00-08:00,17,1547,3005,17
lakers,post,1,2026-03-05 22:00:00-08:00,5,161,249,5
lakers,post,1,2026-03-05 23:00:00-08:00,2,107,882,2
lakers,post,1,2026-03-06 00:00:00-08:00,3,133,3,3
lakers,post,1,2026-03-06 02:00:00-08:00,2,129,358,2
lakers,post,1,2026-03-06 04:00:00-08:00,1,48,0,1
lakers,post,1,2026-03-06 06:00:00-08:00,2,114,116,2
lakers,post,1,2026-03-06 07:00:00-08:00,2,177,16,2
lakers,post,1,2026-03-06 08:00:00-08:00,6,272,971,6
lakers,post,1,2026-03-06 09:00:00-08:00,3,229,608,3
lakers,post,1,2026-03-06 11:00:00-08:00,4,83,43,4
lakers,post,1,2026-03-06 13:00:00-08:00,1,75,107,1
lakers,post,1,2026-03-06 14:00:00-08:00,3,26,32,3
lakers,post,1,2026-03-06 16:00:00-08:00,2,22,63,2
lakers,post,1,2026-03-06 17:00:00-08:00,1,9,359,1
lakers,post,1,2026-03-06 18:00:00-08:00,1,2271,92,1
lakers,post,1,2026-03-06 19:00:00-08:00,1,52,0,1
lakers,post,1,2026-03-06 20:00:00-08:00,5,83,739,5
lakers,post,1,2026-03-06 21:00:00-08:00,9,587,5713,8
lakers,post,1,2026-03-06 22:00:00-08:00,8,187,1029,8
lakers,post,1,2026-03-07 00:00:00-08:00,1,127,940,1
lakers,post,1,2026-03-07 03:00:00-08:00,1,60,625,1
lakers,post,1,2026-03-07 05:00:00-08:00,2,80,0,2
lakers,post,1,2026-03-07 06:00:00-08:00,1,24,0,1
lakers,post,1,2026-03-07 07:00:00-08:00,2,147,82,2
lakers,post,1,2026-03-07 08:00:00-08:00,1,4,8,1
lakers,post,1,2026-03-07 09:00:00-08:00,2,82,1240,2
lakers,post,1,2026-03-07 12:00:00-08:00,1,130,133,1
lakers,post,1,2026-03-07 13:00:00-08:00,3,96,274,3
lakers,post,1,2026-03-07 16:00:00-08:00,2,63,7,2
lakers,post,1,2026-03-07 17:00:00-08:00,2,103,79,2
lakers,post,1,2026-03-07 18:00:00-08:00,2,141,2014,2
lakers,post,1,2026-03-07 21:00:00-08:00,1,75,120,1
lakers,post,1,2026-03-07 22:00:00-08:00,1,60,30,1
lakers,post,1,2026-03-07 23:00:00-08:00,2,38,387,2
lakers,post,1,2026-03-08 06:00:00-07:00,1,30,51,1
lakers,post,1,2026-03-08 07:00:00-07:00,2,70,5,2
lakers,post,1,2026-03-08 08:00:00-07:00,2,51,124,2
lakers,post,1,2026-03-08 09:00:00-07:00,1,33,591,1
lakers,post,1,2026-03-08 10:00:00-07:00,2,26,189,2
lakers,post,1,2026-03-08 11:00:00-07:00,2,4180,352,2
lakers,post,1,2026-03-08 13:00:00-07:00,1,14,206,1
lakers,post,1,2026-03-08 14:00:00-07:00,6,113,722,5
lakers,post,1,2026-03-08 15:00:00-07:00,18,900,3601,14
lakers,post,1,2026-03-08 16:00:00-07:00,5,96,315,5
lakers,post,1,2026-03-08 17:00:00-07:00,4,76,183,4
lakers,post,1,2026-03-08 18:00:00-07:00,1,18,0,1
bostonceltics,comment,2,2026-03-08 12:00:00-07:00,666,0,7109,277
bostonceltics,comment,2,2026-03-08 14:00:00-07:00,125,0,913,106
bostonceltics,comment,2,2026-03-08 16:00:00-07:00,126,0,985,102
bostonceltics,comment,2,2026-03-08 18:00:00-07:00,75,0,290,65
bostonceltics,post,2,2026-01-11 20:00:00-08:00,1,37,3,1
bostonceltics,post,2,2026-01-12 12:00:00-08:00,3,65,401,3
bostonceltics,post,2,2026-01-12 14:00:00-08:00,2,766,842,2
bostonceltics,post,2,2026-01-12 18:00:00-08:00,3,200,153,3
bostonceltics,post,2,2026-01-12 20:00:00-08:00,3,153,655,3
bostonceltics,post,2,2026-01-12 22:00:00-08:00,1,21,0,1
bostonceltics,post,2,2026-01-13 04:00:00-08:00,1,57,80,1
bostonceltics,post,2,2026-01-13 08:00:00-08:00,2,275,352,2
bostonceltics,post,2,2026-01-13 12:00:00-08:00,2,40,123,2
bostonceltics,post,2,2026-01-13 16:00:00-08:00,1,6,7,1
bostonceltics,post,2,2026-01-13 20:00:00-08:00,1,46,3,1
bostonceltics,post,2,2026-01-14 04:00:00-08:00,2,14,61,2
bostonceltics,post,2,2026-01-14 08:00:00-08:00,1,3,18,1
bostonceltics,post,2,2026-01-14 10:00:00-08:00,2,228,205,2
bostonceltics,post,2,2026-01-14 12:00:00-08:00,2,63,65,2
bostonceltics,post,2,2026-01-14 14:00:00-08:00,3,25,576,3
bostonceltics,post,2,2026-01-14 20:00:00-08:00,2,106,70,2
bostonceltics,post,2,2026-01-15 04:00:00-08:00,1,33,485,1
bostonceltics,post,2,2026-01-15 06:00:00-08:00,2,33,220,2
bostonceltics,post,2,2026-01-15 08:00:00-08:00,1,19,16,1
bostonceltics,post,2,2026-01-15 10:00:00-08:00,2,62,171,2
bostonceltics,post,2,2026-01-15 14:00:00-08:00,2,1175,95,2
bostonceltics,post,2,2026-01-15 16:00:00-08:00,2,17,271,2
bostonceltics,post,2,2026-01-15 18:00:00-08:00,6,354,2780,6
bostonceltics,post,2,2026-01-15 20:00:00-08:00,3,209,187,3
bostonceltics,post,2,2026-01-15 22:00:00-08:00,1,1,21,1
bostonceltics,post,2,2026-01-16 00:00:00-08:00,1,17,185,1
bostonceltics,post,2,2026-01-16 02:00:00-08:00,1,4,201,1
bostonceltics,post,2,2026-01-16 04:00:00-08:00,1,145,169,1
bostonceltics,post,2,2026-01-16 06:00:00-08:00,4,137,406,3
bostonceltics,post,2,2026-01-16 08:00:00-08:00,3,44,74,3
bostonceltics,post,2,2026-01-16 10:00:00-08:00,1,54,79,1
bostonceltics,post,2,2026-01-16 12:00:00-08:00,1,81,0,1
bostonceltics,post,2,2026-01-16 14:00:00-08:00,3,54,293,3
bostonceltics,post,2,2026-01-16 20:00:00-08:00,1,15,6,1
bostonceltics,post,2,2026-01-17 02:00:00-08:00,1,127,888,1
bostonceltics,post,2,2026-01-17 06:00:00-08:00,3,80,76,3
bostonceltics,post,2,2026-01-17 08:00:00-08:00,1,20,0,1
bostonceltics,post,2,2026-01-17 10:00:00-08:00,1,9,94,1
bostonceltics,post,2,2026-01-17 14:00:00-08:00,2,673,68,2
bostonceltics,post,2,2026-01-17 16:00:00-08:00,2,32,727,2
bostonceltics,post,2,2026-01-17 18:00:00-08:00,3,114,727,3
bostonceltics,post,2,2026-01-17 20:00:00-08:00,3,71,400,3
bostonceltics,post,2,2026-01-17 22:00:00-08:00,2,44,500,1
bostonceltics,post,2,2026-01-18 00:00:00-08:00,1,10,0,1
bostonceltics,post,2,2026-01-18 04:00:00-08:00,2,37,33,2
bostonceltics,post,2,2026-01-18 06:00:00-08:00,3,53,457,3
bostonceltics,post,2,2026-01-18 08:00:00-08:00,1,0,57,1
bostonceltics,post,2,2026-01-18 10:00:00-08:00,1,11,129,1
bostonceltics,post,2,2026-01-18 12:00:00-08:00,1,39,61,1
bostonceltics,post,2,2026-01-18 16:00:00-08:00,1,90,161,1
bostonceltics,post,2,2026-01-18 20:00:00-08:00,1,23,3,1
bostonceltics,post,2,2026-01-19 06:00:00-08:00,2,37,45,2
bostonceltics,post,2,2026-01-19 08:00:00-08:00,3,51,629,3
bostonceltics,post,2,2026-01-19 10:00:00-08:00,2,51,623,2
bostonceltics,post,2,2026-01-19 14:00:00-08:00,1,1645,58,1
bostonceltics,post,2,2026-01-19 16:00:00-08:00,2,120,1567,2
bostonceltics,post,2,2026-01-19 18:00:00-08:00,3,268,813,3
bostonceltics,post,2,2026-01-19 20:00:00-08:00,1,78,2,1
bostonceltics,post,2,2026-01-19 22:00:00-08:00,1,18,23,1
bostonceltics,post,2,2026-01-20 00:00:00-08:00,1,96,225,1
bostonceltics,post,2,2026-01-20 02:00:00-08:00,4,85,0,4
bostonceltics,post,2,2026-01-20 06:00:00-08:00,1,42,0,1
bostonceltics,post,2,2026-01-20 08:00:00-08:00,1,32,111,1
bostonceltics,post,2,2026-01-20 10:00:00-08:00,3,47,326,3
bostonceltics,post,2,2026-01-20 14:00:00-08:00,1,158,324,1
bostonceltics,post,2,2026-01-20 18:00:00-08:00,1,68,0,1
bostonceltics,post,2,2026-01-20 20:00:00-08:00,1,22,4,1
bostonceltics,post,2,2026-01-21 10:00:00-08:00,2,63,230,2
bostonceltics,post,2,2026-01-21 12:00:00-08:00,1,22,13,1
bostonceltics,post,2,2026-01-21 14:00:00-08:00,1,483,75,1
bostonceltics,post,2,2026-01-21 16:00:00-08:00,2,8,149,2
bostonceltics,post,2,2026-01-21 18:00:00-08:00,1,82,365,1
bostonceltics,post,2,2026-01-21 20:00:00-08:00,2,102,194,2
bostonceltics,post,2,2026-01-22 04:00:00-08:00,3,92,690,3
bostonceltics,post,2,2026-01-22 06:00:00-08:00,2,105,328,2
bostonceltics,post,2,2026-01-22 08:00:00-08:00,5,278,228,5
bostonceltics,post,2,2026-01-22 10:00:00-08:00,1,40,12,1
bostonceltics,post,2,2026-01-22 12:00:00-08:00,6,302,1192,6
bostonceltics,post,2,2026-01-22 20:00:00-08:00,1,49,4,1
bostonceltics,post,2,2026-01-22 22:00:00-08:00,1,21,88,1
bostonceltics,post,2,2026-01-23 06:00:00-08:00,1,91,1665,1
bostonceltics,post,2,2026-01-23 08:00:00-08:00,1,40,25,1
bostonceltics,post,2,2026-01-23 10:00:00-08:00,1,47,13,1
bostonceltics,post,2,2026-01-23 12:00:00-08:00,2,24,25,2
bostonceltics,post,2,2026-01-23 14:00:00-08:00,2,1523,616,2
bostonceltics,post,2,2026-01-23 18:00:00-08:00,6,385,3502,6
bostonceltics,post,2,2026-01-23 20:00:00-08:00,5,101,1192,5
bostonceltics,post,2,2026-01-23 22:00:00-08:00,2,27,451,2
bostonceltics,post,2,2026-01-24 02:00:00-08:00,7,115,1814,3
bostonceltics,post,2,2026-01-24 04:00:00-08:00,1,17,204,1
bostonceltics,post,2,2026-01-24 06:00:00-08:00,1,6,0,1
bostonceltics,post,2,2026-01-24 08:00:00-08:00,2,78,120,2
bostonceltics,post,2,2026-01-24 12:00:00-08:00,2,18,46,2
bostonceltics,post,2,2026-01-24 14:00:00-08:00,1,758,33,1
bostonceltics,post,2,2026-01-24 16:00:00-08:00,2,21,32,2
bostonceltics,post,2,2026-01-24 18:00:00-08:00,1,135,58,1
bostonceltics,post,2,2026-01-24 20:00:00-08:00,2,45,212,2
bostonceltics,post,2,2026-01-25 06:00:00-08:00,1,141,36,1
bostonceltics,post,2,2026-01-25 14:00:00-08:00,2,32,222,2
bostonceltics,post,2,2026-01-25 16:00:00-08:00,1,14,203,1
bostonceltics,post,2,2026-01-25 18:00:00-08:00,2,22,354,2
bostonceltics,post,2,2026-01-25 20:00:00-08:00,1,26,3,1
bostonceltics,post,2,2026-01-26 08:00:00-08:00,2,32,137,2
bostonceltics,post,2,2026-01-26 14:00:00-08:00,1,1046,63,1
bostonceltics,post,2,2026-01-26 16:00:00-08:00,2,39,259,2
bostonceltics,post,2,2026-01-26 18:00:00-08:00,2,174,385,2
bostonceltics,post,2,2026-01-26 20:00:00-08:00,1,89,2,1
bostonceltics,post,2,2026-01-27 02:00:00-08:00,2,34,695,2
bostonceltics,post,2,2026-01-27 04:00:00-08:00,1,19,283,1
bostonceltics,post,2,2026-01-27 08:00:00-08:00,3,108,203,3
bostonceltics,post,2,2026-01-27 12:00:00-08:00,1,44,68,1
bostonceltics,post,2,2026-01-27 14:00:00-08:00,2,260,275,2
bostonceltics,post,2,2026-01-27 20:00:00-08:00,2,64,244,2
bostonceltics,post,2,2026-01-28 04:00:00-08:00,1,14,398,1
bostonceltics,post,2,2026-01-28 06:00:00-08:00,2,110,139,2
bostonceltics,post,2,2026-01-28 08:00:00-08:00,2,190,990,2
bostonceltics,post,2,2026-01-28 10:00:00-08:00,2,45,34,2
bostonceltics,post,2,2026-01-28 12:00:00-08:00,2,133,335,2
bostonceltics,post,2,2026-01-28 14:00:00-08:00,2,1012,61,2
bostonceltics,post,2,2026-01-28 16:00:00-08:00,2,56,260,2
bostonceltics,post,2,2026-01-28 18:00:00-08:00,4,179,466,3
bostonceltics,post,2,2026-01-28 20:00:00-08:00,6,522,875,6
bostonceltics,post,2,2026-01-29 00:00:00-08:00,1,6,19,1
bostonceltics,post,2,2026-01-29 06:00:00-08:00,1,173,160,1
bostonceltics,post,2,2026-01-29 08:00:00-08:00,2,88,161,2
bostonceltics,post,2,2026-01-29 12:00:00-08:00,3,83,203,3
bostonceltics,post,2,2026-01-29 14:00:00-08:00,2,65,1344,2
bostonceltics,post,2,2026-01-29 18:00:00-08:00,2,39,49,2
bostonceltics,post,2,2026-01-29 20:00:00-08:00,1,41,3,1
bostonceltics,post,2,2026-01-29 22:00:00-08:00,1,50,0,1
bostonceltics,post,2,2026-01-30 06:00:00-08:00,1,38,73,1
bostonceltics,post,2,2026-01-30 14:00:00-08:00,2,334,79,2
bostonceltics,post,2,2026-01-30 16:00:00-08:00,1,6,7,1
bostonceltics,post,2,2026-01-30 18:00:00-08:00,3,95,539,3
bostonceltics,post,2,2026-01-30 20:00:00-08:00,1,23,5,1
bostonceltics,post,2,2026-01-30 22:00:00-08:00,1,5,174,1
bostonceltics,post,2,2026-01-31 04:00:00-08:00,1,28,104,1
bostonceltics,post,2,2026-01-31 06:00:00-08:00,2,88,767,2
bostonceltics,post,2,2026-01-31 08:00:00-08:00,3,115,388,3
bostonceltics,post,2,2026-01-31 12:00:00-08:00,1,42,2,1
bostonceltics,post,2,2026-01-31 16:00:00-08:00,1,19,0,1
bostonceltics,post,2,2026-01-31 20:00:00-08:00,2,78,167,2
bostonceltics,post,2,2026-02-01 06:00:00-08:00,1,15,110,1
bostonceltics,post,2,2026-02-01 10:00:00-08:00,1,579,71,1
bostonceltics,post,2,2026-02-01 12:00:00-08:00,1,2,176,1
bostonceltics,post,2,2026-02-01 14:00:00-08:00,2,64,421,2
bostonceltics,post,2,2026-02-01 16:00:00-08:00,3,136,436,3
bostonceltics,post,2,2026-02-01 18:00:00-08:00,2,258,403,2
bostonceltics,post,2,2026-02-01 20:00:00-08:00,1,49,3,1
bostonceltics,post,2,2026-02-01 22:00:00-08:00,1,7,0,1
bostonceltics,post,2,2026-02-02 02:00:00-08:00,1,10,66,1
bostonceltics,post,2,2026-02-02 04:00:00-08:00,1,7,135,1
bostonceltics,post,2,2026-02-02 08:00:00-08:00,2,109,211,2
bostonceltics,post,2,2026-02-02 10:00:00-08:00,3,150,585,3
bostonceltics,post,2,2026-02-02 16:00:00-08:00,1,70,136,1
bostonceltics,post,2,2026-02-02 20:00:00-08:00,1,111,2,1
bostonceltics,post,2,2026-02-03 02:00:00-08:00,1,40,61,1
bostonceltics,post,2,2026-02-03 06:00:00-08:00,3,187,691,3
bostonceltics,post,2,2026-02-03 08:00:00-08:00,2,38,7,2
bostonceltics,post,2,2026-02-03 10:00:00-08:00,2,129,151,2
bostonceltics,post,2,2026-02-03 12:00:00-08:00,18,2116,5444,11
bostonceltics,post,2,2026-02-03 14:00:00-08:00,7,1186,90,7
bostonceltics,post,2,2026-02-03 16:00:00-08:00,4,91,208,4
bostonceltics,post,2,2026-02-03 18:00:00-08:00,1,89,331,1
bostonceltics,post,2,2026-02-03 20:00:00-08:00,2,267,158,2
bostonceltics,post,2,2026-02-03 22:00:00-08:00,1,38,376,1
bostonceltics,post,2,2026-02-04 00:00:00-08:00,1,85,597,1
bostonceltics,post,2,2026-02-04 02:00:00-08:00,1,38,51,1
bostonceltics,post,2,2026-02-04 04:00:00-08:00,3,188,232,3
bostonceltics,post,2,2026-02-04 06:00:00-08:00,3,50,16,3
bostonceltics,post,2,2026-02-04 10:00:00-08:00,1,4,11,1
bostonceltics,post,2,2026-02-04 12:00:00-08:00,1,9,60,1
bostonceltics,post,2,2026-02-04 14:00:00-08:00,4,1639,54,4
bostonceltics,post,2,2026-02-04 16:00:00-08:00,2,42,29,2
bostonceltics,post,2,2026-02-04 18:00:00-08:00,6,444,1833,6
bostonceltics,post,2,2026-02-04 20:00:00-08:00,8,519,1166,7
bostonceltics,post,2,2026-02-04 22:00:00-08:00,1,28,211,1
bostonceltics,post,2,2026-02-05 00:00:00-08:00,2,49,710,2
bostonceltics,post,2,2026-02-05 04:00:00-08:00,2,89,236,2
bostonceltics,post,2,2026-02-05 06:00:00-08:00,2,50,165,2
bostonceltics,post,2,2026-02-05 08:00:00-08:00,2,165,903,2
bostonceltics,post,2,2026-02-05 10:00:00-08:00,9,672,1415,7
bostonceltics,post,2,2026-02-05 12:00:00-08:00,13,884,2609,12
bostonceltics,post,2,2026-02-05 14:00:00-08:00,5,110,136,5
bostonceltics,post,2,2026-02-05 16:00:00-08:00,4,145,586,4
bostonceltics,post,2,2026-02-05 18:00:00-08:00,1,57,254,1
bostonceltics,post,2,2026-02-05 20:00:00-08:00,3,173,1270,3
bostonceltics,post,2,2026-02-06 02:00:00-08:00,1,10,312,1
bostonceltics,post,2,2026-02-06 04:00:00-08:00,2,35,14,2
bostonceltics,post,2,2026-02-06 06:00:00-08:00,2,59,290,2
bostonceltics,post,2,2026-02-06 08:00:00-08:00,5,165,379,5
bostonceltics,post,2,2026-02-06 10:00:00-08:00,4,215,3000,4
bostonceltics,post,2,2026-02-06 12:00:00-08:00,2,15,31,2
bostonceltics,post,2,2026-02-06 14:00:00-08:00,4,1957,129,4
bostonceltics,post,2,2026-02-06 16:00:00-08:00,3,60,842,3
bostonceltics,post,2,2026-02-06 18:00:00-08:00,6,537,3458,6
bostonceltics,post,2,2026-02-06 20:00:00-08:00,3,107,285,3
bostonceltics,post,2,2026-02-06 22:00:00-08:00,3,83,334,3
bostonceltics,post,2,2026-02-07 00:00:00-08:00,1,32,276,1
bostonceltics,post,2,2026-02-07 04:00:00-08:00,2,56,208,2
bostonceltics,post,2,2026-02-07 06:00:00-08:00,4,234,724,4
bostonceltics,post,2,2026-02-07 08:00:00-08:00,2,44,269,2
bostonceltics,post,2,2026-02-07 10:00:00-08:00,4,59,656,4
bostonceltics,post,2,2026-02-07 12:00:00-08:00,2,32,35,2
bostonceltics,post,2,2026-02-07 14:00:00-08:00,1,30,267,1
bostonceltics,post,2,2026-02-07 16:00:00-08:00,1,34,54,1
bostonceltics,post,2,2026-02-07 18:00:00-08:00,1,24,24,1
bostonceltics,post,2,2026-02-07 20:00:00-08:00,3,118,703,3
bostonceltics,post,2,2026-02-08 04:00:00-08:00,1,4,35,1
bostonceltics,post,2,2026-02-08 06:00:00-08:00,3,2120,246,3
bostonceltics,post,2,2026-02-08 08:00:00-08:00,3,93,932,3
bostonceltics,post,2,2026-02-08 10:00:00-08:00,1,5,115,1
bostonceltics,post,2,2026-02-08 12:00:00-08:00,2,277,78,2
bostonceltics,post,2,2026-02-08 14:00:00-08:00,2,11,296,2
bostonceltics,post,2,2026-02-08 18:00:00-08:00,1,26,0,1
bostonceltics,post,2,2026-02-08 20:00:00-08:00,1,82,6,1
bostonceltics,post,2,2026-02-09 08:00:00-08:00,1,3,28,1
bostonceltics,post,2,2026-02-09 10:00:00-08:00,1,10,35,1
bostonceltics,post,2,2026-02-09 14:00:00-08:00,2,158,1051,1
bostonceltics,post,2,2026-02-09 16:00:00-08:00,2,57,316,2
bostonceltics,post,2,2026-02-09 18:00:00-08:00,1,42,83,1
bostonceltics,post,2,2026-02-09 20:00:00-08:00,2,120,646,2
bostonceltics,post,2,2026-02-10 06:00:00-08:00,1,41,275,1
bostonceltics,post,2,2026-02-10 08:00:00-08:00,2,54,61,2
bostonceltics,post,2,2026-02-10 10:00:00-08:00,4,85,570,4
bostonceltics,post,2,2026-02-10 12:00:00-08:00,3,131,1033,3
bostonceltics,post,2,2026-02-10 14:00:00-08:00,1,13,71,1
bostonceltics,post,2,2026-02-10 16:00:00-08:00,3,45,580,3
bostonceltics,post,2,2026-02-10 18:00:00-08:00,2,66,630,2
bostonceltics,post,2,2026-02-10 20:00:00-08:00,1,56,1,1
bostonceltics,post,2,2026-02-11 08:00:00-08:00,5,163,1622,5
bostonceltics,post,2,2026-02-11 12:00:00-08:00,4,235,715,4
bostonceltics,post,2,2026-02-11 14:00:00-08:00,2,503,86,2
bostonceltics,post,2,2026-02-11 18:00:00-08:00,2,100,851,2
bostonceltics,post,2,2026-02-11 20:00:00-08:00,1,71,0,1
bostonceltics,post,2,2026-02-11 22:00:00-08:00,1,41,635,1
bostonceltics,post,2,2026-02-12 02:00:00-08:00,1,24,502,1
bostonceltics,post,2,2026-02-12 04:00:00-08:00,1,45,1207,1
bostonceltics,post,2,2026-02-12 06:00:00-08:00,1,42,0,1
bostonceltics,post,2,2026-02-12 08:00:00-08:00,2,184,581,2
bostonceltics,post,2,2026-02-12 12:00:00-08:00,2,29,301,2
bostonceltics,post,2,2026-02-12 16:00:00-08:00,2,103,410,2
bostonceltics,post,2,2026-02-12 20:00:00-08:00,1,54,1,1
bostonceltics,post,2,2026-02-13 00:00:00-08:00,1,73,121,1
bostonceltics,post,2,2026-02-13 08:00:00-08:00,1,48,56,1
bostonceltics,post,2,2026-02-13 10:00:00-08:00,1,14,113,1
bostonceltics,post,2,2026-02-13 12:00:00-08:00,4,125,1215,4
bostonceltics,post,2,2026-02-13 18:00:00-08:00,3,82,696,3
bostonceltics,post,2,2026-02-13 20:00:00-08:00,2,45,26,2
bostonceltics,post,2,2026-02-14 08:00:00-08:00,1,17,36,1
bostonceltics,post,2,2026-02-14 20:00:00-08:00,1,11,5,1
bostonceltics,post,2,2026-02-15 04:00:00-08:00,1,71,149,1
bostonceltics,post,2,2026-02-15 06:00:00-08:00,1,3,99,1
bostonceltics,post,2,2026-02-15 10:00:00-08:00,2,114,864,2
bostonceltics,post,2,2026-02-15 12:00:00-08:00,1,160,24,1
bostonceltics,post,2,2026-02-15 14:00:00-08:00,1,15,0,1
bostonceltics,post,2,2026-02-15 16:00:00-08:00,3,259,414,3
bostonceltics,post,2,2026-02-15 20:00:00-08:00,1,11,3,1
bostonceltics,post,2,2026-02-15 22:00:00-08:00,1,44,516,1
bostonceltics,post,2,2026-02-16 02:00:00-08:00,1,2,7,1
bostonceltics,post,2,2026-02-16 04:00:00-08:00,1,20,528,1
bostonceltics,post,2,2026-02-16 08:00:00-08:00,2,51,524,2
bostonceltics,post,2,2026-02-16 10:00:00-08:00,2,32,585,2
bostonceltics,post,2,2026-02-16 12:00:00-08:00,1,23,453,1
bostonceltics,post,2,2026-02-16 14:00:00-08:00,2,73,3,2
bostonceltics,post,2,2026-02-16 20:00:00-08:00,2,75,2,2
bostonceltics,post,2,2026-02-17 06:00:00-08:00,1,28,287,1
bostonceltics,post,2,2026-02-17 08:00:00-08:00,2,120,34,2
bostonceltics,post,2,2026-02-17 10:00:00-08:00,1,30,119,1
bostonceltics,post,2,2026-02-17 12:00:00-08:00,1,10,620,1
bostonceltics,post,2,2026-02-17 16:00:00-08:00,2,43,6,2
bostonceltics,post,2,2026-02-17 20:00:00-08:00,1,37,6,1
bostonceltics,post,2,2026-02-17 22:00:00-08:00,1,15,5,1
bostonceltics,post,2,2026-02-18 06:00:00-08:00,1,7,74,1
bostonceltics,post,2,2026-02-18 08:00:00-08:00,1,1,7,1
bostonceltics,post,2,2026-02-18 12:00:00-08:00,2,61,50,2
bostonceltics,post,2,2026-02-18 14:00:00-08:00,1,29,0,1
bostonceltics,post,2,2026-02-18 16:00:00-08:00,1,56,136,1
bostonceltics,post,2,2026-02-18 20:00:00-08:00,1,13,2,1
bostonceltics,post,2,2026-02-19 06:00:00-08:00,2,118,1343,2
bostonceltics,post,2,2026-02-19 08:00:00-08:00,2,50,149,2
bostonceltics,post,2,2026-02-19 10:00:00-08:00,3,31,90,3
bostonceltics,post,2,2026-02-19 12:00:00-08:00,2,49,35,2
bostonceltics,post,2,2026-02-19 16:00:00-08:00,2,1434,1481,2
bostonceltics,post,2,2026-02-19 18:00:00-08:00,3,274,593,2
bostonceltics,post,2,2026-02-19 20:00:00-08:00,9,294,748,9
bostonceltics,post,2,2026-02-19 22:00:00-08:00,2,15,103,2
bostonceltics,post,2,2026-02-20 00:00:00-08:00,1,75,240,1
bostonceltics,post,2,2026-02-20 02:00:00-08:00,1,12,259,1
bostonceltics,post,2,2026-02-20 06:00:00-08:00,2,139,2563,1
bostonceltics,post,2,2026-02-20 08:00:00-08:00,3,181,1642,3
bostonceltics,post,2,2026-02-20 10:00:00-08:00,4,44,576,4
bostonceltics,post,2,2026-02-20 14:00:00-08:00,1,96,916,1
bostonceltics,post,2,2026-02-20 20:00:00-08:00,1,33,7,1
bostonceltics,post,2,2026-02-21 06:00:00-08:00,1,61,816,1
bostonceltics,post,2,2026-02-21 10:00:00-08:00,1,3,30,1
bostonceltics,post,2,2026-02-21 14:00:00-08:00,1,68,125,1
bostonceltics,post,2,2026-02-21 20:00:00-08:00,1,16,5,1
bostonceltics,post,2,2026-02-22 00:00:00-08:00,1,30,113,1
bostonceltics,post,2,2026-02-22 02:00:00-08:00,1,161,1604,1
bostonceltics,post,2,2026-02-22 08:00:00-08:00,2,138,138,2
bostonceltics,post,2,2026-02-22 10:00:00-08:00,2,29,19,2
bostonceltics,post,2,2026-02-22 12:00:00-08:00,4,2171,575,4
bostonceltics,post,2,2026-02-22 14:00:00-08:00,3,68,1273,3
bostonceltics,post,2,2026-02-22 16:00:00-08:00,14,492,5514,8
bostonceltics,post,2,2026-02-22 18:00:00-08:00,12,352,2894,11
bostonceltics,post,2,2026-02-22 20:00:00-08:00,2,107,258,2
bostonceltics,post,2,2026-02-23 00:00:00-08:00,2,22,81,2
bostonceltics,post,2,2026-02-23 04:00:00-08:00,2,85,824,2
bostonceltics,post,2,2026-02-23 06:00:00-08:00,3,188,2350,2
bostonceltics,post,2,2026-02-23 08:00:00-08:00,2,166,707,2
bostonceltics,post,2,2026-02-23 12:00:00-08:00,2,34,141,2
bostonceltics,post,2,2026-02-23 14:00:00-08:00,1,15,478,1
bostonceltics,post,2,2026-02-23 16:00:00-08:00,2,4,42,2
bostonceltics,post,2,2026-02-23 18:00:00-08:00,2,118,80,2
bostonceltics,post,2,2026-02-23 20:00:00-08:00,1,34,2,1
bostonceltics,post,2,2026-02-24 08:00:00-08:00,1,12,249,1
bostonceltics,post,2,2026-02-24 10:00:00-08:00,4,138,787,4
bostonceltics,post,2,2026-02-24 14:00:00-08:00,1,47,396,1
bostonceltics,post,2,2026-02-24 16:00:00-08:00,2,1028,177,2
bostonceltics,post,2,2026-02-24 18:00:00-08:00,5,115,839,5
bostonceltics,post,2,2026-02-24 20:00:00-08:00,6,329,1301,6
bostonceltics,post,2,2026-02-24 22:00:00-08:00,3,54,272,3
bostonceltics,post,2,2026-02-25 00:00:00-08:00,2,35,445,2
bostonceltics,post,2,2026-02-25 06:00:00-08:00,3,118,1174,3
bostonceltics,post,2,2026-02-25 08:00:00-08:00,3,63,48,3
bostonceltics,post,2,2026-02-25 10:00:00-08:00,2,31,473,2
bostonceltics,post,2,2026-02-25 12:00:00-08:00,2,162,1326,2
bostonceltics,post,2,2026-02-25 14:00:00-08:00,1,34,32,1
bostonceltics,post,2,2026-02-25 16:00:00-08:00,1,1744,46,1
bostonceltics,post,2,2026-02-25 18:00:00-08:00,2,58,114,2
bostonceltics,post,2,2026-02-25 20:00:00-08:00,5,438,484,5
bostonceltics,post,2,2026-02-26 02:00:00-08:00,1,4,99,1
bostonceltics,post,2,2026-02-26 04:00:00-08:00,2,130,155,2
bostonceltics,post,2,2026-02-26 06:00:00-08:00,2,7,119,2
bostonceltics,post,2,2026-02-26 08:00:00-08:00,1,2,26,1
bostonceltics,post,2,2026-02-26 12:00:00-08:00,1,64,108,1
bostonceltics,post,2,2026-02-26 14:00:00-08:00,3,222,2085,3
bostonceltics,post,2,2026-02-26 16:00:00-08:00,2,94,238,2
bostonceltics,post,2,2026-02-26 20:00:00-08:00,1,50,2,1
bostonceltics,post,2,2026-02-27 04:00:00-08:00,1,70,53,1
bostonceltics,post,2,2026-02-27 08:00:00-08:00,2,18,242,2
bostonceltics,post,2,2026-02-27 10:00:00-08:00,1,28,202,1
bostonceltics,post,2,2026-02-27 12:00:00-08:00,3,131,227,3
bostonceltics,post,2,2026-02-27 14:00:00-08:00,1,620,69,1
bostonceltics,post,2,2026-02-27 16:00:00-08:00,2,42,6,2
bostonceltics,post,2,2026-02-27 18:00:00-08:00,6,176,2066,6
bostonceltics,post,2,2026-02-27 20:00:00-08:00,3,77,240,3
bostonceltics,post,2,2026-02-28 00:00:00-08:00,1,15,0,1
bostonceltics,post,2,2026-02-28 02:00:00-08:00,1,3,175,1
bostonceltics,post,2,2026-02-28 10:00:00-08:00,3,177,451,3
bostonceltics,post,2,2026-02-28 14:00:00-08:00,3,50,265,3
bostonceltics,post,2,2026-02-28 16:00:00-08:00,1,50,247,1
bostonceltics,post,2,2026-02-28 18:00:00-08:00,1,31,7,1
bostonceltics,post,2,2026-02-28 20:00:00-08:00,1,28,2,1
bostonceltics,post,2,2026-02-28 22:00:00-08:00,1,27,77,1
bostonceltics,post,2,2026-03-01 06:00:00-08:00,1,14,168,1
bostonceltics,post,2,2026-03-01 10:00:00-08:00,1,22,187,1
bostonceltics,post,2,2026-03-01 14:00:00-08:00,2,1533,86,2
bostonceltics,post,2,2026-03-01 16:00:00-08:00,1,9,157,1
bostonceltics,post,2,2026-03-01 18:00:00-08:00,7,371,3061,7
bostonceltics,post,2,2026-03-01 20:00:00-08:00,4,133,723,4
bostonceltics,post,2,2026-03-01 22:00:00-08:00,2,31,187,2
bostonceltics,post,2,2026-03-02 00:00:00-08:00,1,24,291,1
bostonceltics,post,2,2026-03-02 02:00:00-08:00,2,86,152,2
bostonceltics,post,2,2026-03-02 06:00:00-08:00,3,97,809,3
bostonceltics,post,2,2026-03-02 08:00:00-08:00,4,149,569,4
bostonceltics,post,2,2026-03-02 10:00:00-08:00,5,136,1638,5
bostonceltics,post,2,2026-03-02 12:00:00-08:00,1,38,11,1
bostonceltics,post,2,2026-03-02 14:00:00-08:00,3,915,289,3
bostonceltics,post,2,2026-03-02 16:00:00-08:00,1,19,0,1
bostonceltics,post,2,2026-03-02 18:00:00-08:00,8,380,2286,7
bostonceltics,post,2,2026-03-02 20:00:00-08:00,6,174,980,6
bostonceltics,post,2,2026-03-02 22:00:00-08:00,1,28,105,1
bostonceltics,post,2,2026-03-03 06:00:00-08:00,2,52,690,2
bostonceltics,post,2,2026-03-03 08:00:00-08:00,2,62,330,2
bostonceltics,post,2,2026-03-03 10:00:00-08:00,6,111,1120,5
bostonceltics,post,2,2026-03-03 12:00:00-08:00,3,127,2009,3
bostonceltics,post,2,2026-03-03 14:00:00-08:00,1,26,0,1
bostonceltics,post,2,2026-03-03 16:00:00-08:00,2,71,557,2
bostonceltics,post,2,2026-03-03 20:00:00-08:00,1,39,1,1
bostonceltics,post,2,2026-03-03 22:00:00-08:00,1,46,318,1
bostonceltics,post,2,2026-03-04 00:00:00-08:00,1,3,146,1
bostonceltics,post,2,2026-03-04 04:00:00-08:00,1,1,13,1
bostonceltics,post,2,2026-03-04 08:00:00-08:00,3,92,726,3
bostonceltics,post,2,2026-03-04 10:00:00-08:00,1,38,103,1
bostonceltics,post,2,2026-03-04 12:00:00-08:00,1,15,138,1
bostonceltics,post,2,2026-03-04 14:00:00-08:00,2,1240,86,2
bostonceltics,post,2,2026-03-04 16:00:00-08:00,4,153,497,3
bostonceltics,post,2,2026-03-04 18:00:00-08:00,2,185,274,2
bostonceltics,post,2,2026-03-04 20:00:00-08:00,1,92,1,1
bostonceltics,post,2,2026-03-04 22:00:00-08:00,1,10,321,1
bostonceltics,post,2,2026-03-05 06:00:00-08:00,1,34,10,1
bostonceltics,post,2,2026-03-05 08:00:00-08:00,2,332,2505,1
bostonceltics,post,2,2026-03-05 10:00:00-08:00,7,199,2339,7
bostonceltics,post,2,2026-03-05 12:00:00-08:00,2,135,597,2
bostonceltics,post,2,2026-03-05 14:00:00-08:00,2,43,184,2
bostonceltics,post,2,2026-03-05 16:00:00-08:00,1,29,371,1
bostonceltics,post,2,2026-03-05 18:00:00-08:00,2,45,371,2
bostonceltics,post,2,2026-03-05 20:00:00-08:00,1,92,12,1
bostonceltics,post,2,2026-03-05 22:00:00-08:00,1,15,9,1
bostonceltics,post,2,2026-03-06 02:00:00-08:00,1,7,132,1
bostonceltics,post,2,2026-03-06 04:00:00-08:00,3,72,2000,3
bostonceltics,post,2,2026-03-06 06:00:00-08:00,1,10,7,1
bostonceltics,post,2,2026-03-06 08:00:00-08:00,2,63,547,2
bostonceltics,post,2,2026-03-06 10:00:00-08:00,5,227,2018,4
bostonceltics,post,2,2026-03-06 12:00:00-08:00,4,123,227,4
bostonceltics,post,2,2026-03-06 14:00:00-08:00,16,2789,3451,9
bostonceltics,post,2,2026-03-06 16:00:00-08:00,10,254,4172,5
bostonceltics,post,2,2026-03-06 18:00:00-08:00,18,468,8187,14
bostonceltics,post,2,2026-03-06 20:00:00-08:00,2,85,12,2
bostonceltics,post,2,2026-03-06 22:00:00-08:00,1,33,406,1
bostonceltics,post,2,2026-03-07 00:00:00-08:00,1,8,245,1
bostonceltics,post,2,2026-03-07 02:00:00-08:00,3,55,675,3
bostonceltics,post,2,2026-03-07 04:00:00-08:00,3,129,1482,3
bostonceltics,post,2,2026-03-07 06:00:00-08:00,4,60,327,4
bostonceltics,post,2,2026-03-07 08:00:00-08:00,5,38,491,5
bostonceltics,post,2,2026-03-07 10:00:00-08:00,1,7,63,1
bostonceltics,post,2,2026-03-07 12:00:00-08:00,1,41,538,1
bostonceltics,post,2,2026-03-07 14:00:00-08:00,1,40,373,1
bostonceltics,post,2,2026-03-07 18:00:00-08:00,2,88,201,2
bostonceltics,post,2,2026-03-07 20:00:00-08:00,3,42,305,3
bostonceltics,post,2,2026-03-08 06:00:00-07:00,4,76,146,4
bostonceltics,post,2,2026-03-08 08:00:00-07:00,2,2156,118,2
bostonceltics,post,2,2026-03-08 10:00:00-07:00,4,62,1180,2
bostonceltics,post,2,2026-03-08 12:00:00-07:00,8,343,2250,6
bostonceltics,post,2,2026-03-08 14:00:00-07:00,4,104,444,4
bostonceltics,post,2,2026-03-08 16:00:00-07:00,6,72,530,6
bostonceltics,post,2,2026-03-08 18:00:00-07:00,1,27,27,1
lakers,comment,2,2026-03-08 14:00:00-07:00,307,0,2601,179
lakers,comment,2,2026-03-08 16:00:00-07:00,493,0,1345,302
lakers,comment,2,2026-03-08 18:00:00-07:00,137,0,144,95
lakers,post,2,2026-02-09 22:00:00-08:00,2,334,1513,2
lakers,post,2,2026-02-10 02:00:00-08:00,2,28,42,2
lakers,post,2,2026-02-10 06:00:00-08:00,2,143,343,2
lakers,post,2,2026-02-10 08:00:00-08:00,3,685,793,3
lakers,post,2,2026-02-10 10:00:00-08:00,4,164,776,4
lakers,post,2,2026-02-10 12:00:00-08:00,4,435,898,4
lakers,post,2,2026-02-10 14:00:00-08:00,4,126,362,4
lakers,post,2,2026-02-10 16:00:00-08:00,2,197,542,2
lakers,post,2,2026-02-10 18:00:00-08:00,6,3059,814,6
lakers,post,2,2026-02-10 20:00:00-08:00,10,935,5365,10
lakers,post,2,2026-02-10 22:00:00-08:00,4,450,1600,4
lakers,post,2,2026-02-11 02:00:00-08:00,4,216,512,4
lakers,post,2,2026-02-11 06:00:00-08:00,4,252,427,4
lakers,post,2,2026-02-11 08:00:00-08:00,3,140,1306,3
lakers,post,2,2026-02-11 10:00:00-08:00,2,72,901,2
lakers,post,2,2026-02-11 12:00:00-08:00,3,335,633,3
lakers,post,2,2026-02-11 14:00:00-08:00,2,143,158,2
lakers,post,2,2026-02-11 16:00:00-08:00,2,158,1092,2
lakers,post,2,2026-02-11 18:00:00-08:00,4,658,813,4
lakers,post,2,2026-02-11 20:00:00-08:00,1,55,350,1
lakers,post,2,2026-02-11 22:00:00-08:00,1,53,0,1
lakers,post,2,2026-02-12 00:00:00-08:00,3,82,479,3
lakers,post,2,2026-02-12 06:00:00-08:00,3,544,514,3
lakers,post,2,2026-02-12 10:00:00-08:00,2,127,1432,2
lakers,post,2,2026-02-12 12:00:00-08:00,1,49,61,1
lakers,post,2,2026-02-12 14:00:00-08:00,4,101,710,4
lakers,post,2,2026-02-12 16:00:00-08:00,1,53,410,1
lakers,post,2,2026-02-12 18:00:00-08:00,4,2274,333,4
lakers,post,2,2026-02-12 20:00:00-08:00,9,674,6007,9
lakers,post,2,2026-02-12 22:00:00-08:00,4,192,2427,3
lakers,post,2,2026-02-13 00:00:00-08:00,1,56,391,1
lakers,post,2,2026-02-13 02:00:00-08:00,1,4,113,1
lakers,post,2,2026-02-13 04:00:00-08:00,3,165,2349,3
lakers,post,2,2026-02-13 06:00:00-08:00,3,171,15,3
lakers,post,2,2026-02-13 08:00:00-08:00,4,149,267,4
lakers,post,2,2026-02-13 10:00:00-08:00,3,161,845,3
lakers,post,2,2026-02-13 12:00:00-08:00,1,68,459,1
lakers,post,2,2026-02-13 18:00:00-08:00,2,632,1127,2
lakers,post,2,2026-02-13 20:00:00-08:00,1,46,23,1
lakers,post,2,2026-02-13 22:00:00-08:00,3,98,276,3
lakers,post,2,2026-02-14 00:00:00-08:00,1,43,0,1
lakers,post,2,2026-02-14 06:00:00-08:00,2,312,8,2
lakers,post,2,2026-02-14 08:00:00-08:00,2,78,1172,2
lakers,post,2,2026-02-14 10:00:00-08:00,2,118,799,2
lakers,post,2,2026-02-14 12:00:00-08:00,7,342,2341,7
lakers,post,2,2026-02-14 14:00:00-08:00,1,5,10,1
lakers,post,2,2026-02-14 16:00:00-08:00,3,243,2563,3
lakers,post,2,2026-02-14 20:00:00-08:00,1,34,681,1
lakers,post,2,2026-02-14 22:00:00-08:00,4,309,3433,4
lakers,post,2,2026-02-15 06:00:00-08:00,3,378,616,3
lakers,post,2,2026-02-15 08:00:00-08:00,2,168,486,2
lakers,post,2,2026-02-15 12:00:00-08:00,2,155,2802,2
lakers,post,2,2026-02-15 14:00:00-08:00,1,388,225,1
lakers,post,2,2026-02-15 16:00:00-08:00,2,32,364,2
lakers,post,2,2026-02-15 18:00:00-08:00,1,50,0,1
lakers,post,2,2026-02-15 20:00:00-08:00,3,563,1808,3
lakers,post,2,2026-02-15 22:00:00-08:00,2,20,428,2
lakers,post,2,2026-02-16 00:00:00-08:00,1,219,343,1
lakers,post,2,2026-02-16 06:00:00-08:00,2,108,348,2
lakers,post,2,2026-02-16 08:00:00-08:00,3,308,797,3
lakers,post,2,2026-02-16 10:00:00-08:00,2,112,904,2
lakers,post,2,2026-02-16 14:00:00-08:00,3,350,675,3
lakers,post,2,2026-02-16 16:00:00-08:00,1,32,0,1
lakers,post,2,2026-02-16 18:00:00-08:00,2,243,3622,2
lakers,post,2,2026-02-16 20:00:00-08:00,1,50,47,1
lakers,post,2,2026-02-16 22:00:00-08:00,3,211,159,3
lakers,post,2,2026-02-17 02:00:00-08:00,2,116,21,2
lakers,post,2,2026-02-17 06:00:00-08:00,2,464,495,2
lakers,post,2,2026-02-17 10:00:00-08:00,3,649,1374,3
lakers,post,2,2026-02-17 12:00:00-08:00,1,97,183,1
lakers,post,2,2026-02-17 14:00:00-08:00,2,81,1291,2
lakers,post,2,2026-02-17 16:00:00-08:00,2,93,1355,2
lakers,post,2,2026-02-17 18:00:00-08:00,2,124,2982,2
lakers,post,2,2026-02-17 20:00:00-08:00,1,6,167,1
lakers,post,2,2026-02-18 04:00:00-08:00,1,8,278,1
lakers,post,2,2026-02-18 06:00:00-08:00,1,114,10,1
lakers,post,2,2026-02-18 10:00:00-08:00,3,226,1202,3
lakers,post,2,2026-02-18 14:00:00-08:00,1,54,0,1
lakers,post,2,2026-02-18 16:00:00-08:00,2,152,0,2
lakers,post,2,2026-02-19 06:00:00-08:00,2,145,26,2
lakers,post,2,2026-02-19 08:00:00-08:00,3,23,474,2
lakers,post,2,2026-02-19 10:00:00-08:00,3,192,778,3
lakers,post,2,2026-02-19 12:00:00-08:00,6,278,1108,6
lakers,post,2,2026-02-19 14:00:00-08:00,7,506,2772,6
lakers,post,2,2026-02-19 16:00:00-08:00,3,240,794,3
lakers,post,2,2026-02-19 20:00:00-08:00,5,235,636,5
lakers,post,2,2026-02-20 02:00:00-08:00,1,209,344,1
lakers,post,2,2026-02-20 04:00:00-08:00,1,6,12,1
lakers,post,2,2026-02-20 06:00:00-08:00,2,145,556,2
lakers,post,2,2026-02-20 08:00:00-08:00,1,141,47,1
lakers,post,2,2026-02-20 10:00:00-08:00,4,266,663,4
lakers,post,2,2026-02-20 12:00:00-08:00,3,170,300,3
lakers,post,2,2026-02-20 14:00:00-08:00,3,147,273,3
lakers,post,2,2026-02-20 16:00:00-08:00,2,23,37,2
lakers,post,2,2026-02-20 18:00:00-08:00,4,4993,2256,4
lakers,post,2,2026-02-20 20:00:00-08:00,12,870,7448,10
lakers,post,2,2026-02-20 22:00:00-08:00,15,629,3201,14
lakers,post,2,2026-02-21 00:00:00-08:00,1,66,44,1
lakers,post,2,2026-02-21 02:00:00-08:00,1,119,1983,1
lakers,post,2,2026-02-21 04:00:00-08:00,1,48,216,1
lakers,post,2,2026-02-21 06:00:00-08:00,4,172,661,4
lakers,post,2,2026-02-21 08:00:00-08:00,3,172,2055,3
lakers,post,2,2026-02-21 10:00:00-08:00,1,25,58,1
lakers,post,2,2026-02-21 12:00:00-08:00,3,70,266,3
lakers,post,2,2026-02-21 14:00:00-08:00,1,33,74,1
lakers,post,2,2026-02-21 16:00:00-08:00,5,413,1048,5
lakers,post,2,2026-02-21 20:00:00-08:00,6,345,2085,6
lakers,post,2,2026-02-22 00:00:00-08:00,1,27,92,1
lakers,post,2,2026-02-22 04:00:00-08:00,2,85,349,2
lakers,post,2,2026-02-22 06:00:00-08:00,4,162,665,4
lakers,post,2,2026-02-22 08:00:00-08:00,2,49,236,2
lakers,post,2,2026-02-22 12:00:00-08:00,4,108,1135,4
lakers,post,2,2026-02-22 14:00:00-08:00,5,5576,192,5
lakers,post,2,2026-02-22 16:00:00-08:00,6,927,1557,6
lakers,post,2,2026-02-22 18:00:00-08:00,17,1061,1441,15
lakers,post,2,2026-02-22 20:00:00-08:00,10,348,781,10
lakers,post,2,2026-02-22 22:00:00-08:00,6,436,1428,6
lakers,post,2,2026-02-23 00:00:00-08:00,6,241,1414,5
lakers,post,2,2026-02-23 04:00:00-08:00,2,59,127,2
lakers,post,2,2026-02-23 06:00:00-08:00,2,218,10,2
lakers,post,2,2026-02-23 08:00:00-08:00,4,305,466,4
lakers,post,2,2026-02-23 10:00:00-08:00,3,379,1154,3
lakers,post,2,2026-02-23 12:00:00-08:00,3,107,75,3
lakers,post,2,2026-02-23 14:00:00-08:00,1,158,709,1
lakers,post,2,2026-02-23 16:00:00-08:00,4,268,144,4
lakers,post,2,2026-02-23 18:00:00-08:00,4,231,693,4
lakers,post,2,2026-02-23 20:00:00-08:00,1,27,214,1
lakers,post,2,2026-02-23 22:00:00-08:00,1,20,0,1
lakers,post,2,2026-02-24 00:00:00-08:00,3,85,7,3
lakers,post,2,2026-02-24 02:00:00-08:00,1,17,0,1
lakers,post,2,2026-02-24 04:00:00-08:00,1,8,10,1
lakers,post,2,2026-02-24 06:00:00-08:00,2,224,84,2
lakers,post,2,2026-02-24 08:00:00-08:00,3,126,1198,3
lakers,post,2,2026-02-24 10:00:00-08:00,2,51,54,2
lakers,post,2,2026-02-24 12:00:00-08:00,1,74,0,1
lakers,post,2,2026-02-24 14:00:00-08:00,4,656,678,4
lakers,post,2,2026-02-24 16:00:00-08:00,3,406,511,3
lakers,post,2,2026-02-24 18:00:00-08:00,2,3644,68,2
lakers,post,2,2026-02-24 20:00:00-08:00,7,143,774,6
lakers,post,2,2026-02-24 22:00:00-08:00,30,2892,7324,29
lakers,post,2,2026-02-25 00:00:00-08:00,1,64,0,1
lakers,post,2,2026-02-25 02:00:00-08:00,2,97,11,2
lakers,post,2,2026-02-25 04:00:00-08:00,5,196,53,5
lakers,post,2,2026-02-25 06:00:00-08:00,3,451,248,3
lakers,post,2,2026-02-25 08:00:00-08:00,4,609,634,4
lakers,post,2,2026-02-25 10:00:00-08:00,3,322,673,3
lakers,post,2,2026-02-25 12:00:00-08:00,6,219,168,6
lakers,post,2,2026-02-25 14:00:00-08:00,5,395,519,5
lakers,post,2,2026-02-25 16:00:00-08:00,4,217,533,4
lakers,post,2,2026-02-25 18:00:00-08:00,3,119,53,3
lakers,post,2,2026-02-25 20:00:00-08:00,1,16,7,1
lakers,post,2,2026-02-25 22:00:00-08:00,4,572,1222,4
lakers,post,2,2026-02-26 00:00:00-08:00,1,34,0,1
lakers,post,2,2026-02-26 04:00:00-08:00,4,513,1005,4
lakers,post,2,2026-02-26 06:00:00-08:00,5,390,1112,5
lakers,post,2,2026-02-26 08:00:00-08:00,3,115,89,3
lakers,post,2,2026-02-26 10:00:00-08:00,6,322,988,5
lakers,post,2,2026-02-26 12:00:00-08:00,4,145,203,4
lakers,post,2,2026-02-26 14:00:00-08:00,1,81,1,1
lakers,post,2,2026-02-26 16:00:00-08:00,3,5173,489,3
lakers,post,2,2026-02-26 18:00:00-08:00,5,221,636,3
lakers,post,2,2026-02-26 20:00:00-08:00,43,3605,10113,43
lakers,post,2,2026-02-26 22:00:00-08:00,11,337,729,11
lakers,post,2,2026-02-27 00:00:00-08:00,3,104,78,3
lakers,post,2,2026-02-27 02:00:00-08:00,1,199,509,1
lakers,post,2,2026-02-27 04:00:00-08:00,2,4,6,2
lakers,post,2,2026-02-27 06:00:00-08:00,8,609,159,8
lakers,post,2,2026-02-27 08:00:00-08:00,8,256,377,8
lakers,post,2,2026-02-27 10:00:00-08:00,11,705,4003,11
lakers,post,2,2026-02-27 12:00:00-08:00,6,231,248,6
lakers,post,2,2026-02-27 14:00:00-08:00,3,353,917,3
lakers,post,2,2026-02-27 16:00:00-08:00,5,242,444,5
lakers,post,2,2026-02-27 18:00:00-08:00,4,147,321,4
lakers,post,2,2026-02-27 20:00:00-08:00,6,210,356,6
lakers,post,2,2026-02-27 22:00:00-08:00,4,125,1224,3
lakers,post,2,2026-02-28 00:00:00-08:00,3,217,750,2
lakers,post,2,2026-02-28 04:00:00-08:00,1,28,0,1
lakers,post,2,2026-02-28 06:00:00-08:00,3,122,244,3
lakers,post,2,2026-02-28 08:00:00-08:00,1,15,245,1
lakers,post,2,2026-02-28 10:00:00-08:00,5,120,1429,5
lakers,post,2,2026-02-28 12:00:00-08:00,2,234,287,2
lakers,post,2,2026-02-28 14:00:00-08:00,4,253,1598,4
lakers,post,2,2026-02-28 16:00:00-08:00,7,1983,293,7
lakers,post,2,2026-02-28 18:00:00-08:00,9,402,5123,6
lakers,post,2,2026-02-28 20:00:00-08:00,7,382,3103,7
lakers,post,2,2026-02-28 22:00:00-08:00,1,48,19,1
lakers,post,2,2026-03-01 02:00:00-08:00,1,29,0,1
lakers,post,2,2026-03-01 04:00:00-08:00,3,93,299,2
lakers,post,2,2026-03-01 06:00:00-08:00,2,104,15,2
lakers,post,2,2026-03-01 08:00:00-08:00,4,153,484,4
lakers,post,2,2026-03-01 10:00:00-08:00,3,77,671,3
lakers,post,2,2026-03-01 12:00:00-08:00,4,189,1006,4
lakers,post,2,2026-03-01 14:00:00-08:00,1,108,275,1
lakers,post,2,2026-03-01 16:00:00-08:00,1,1993,100,1
lakers,post,2,2026-03-01 18:00:00-08:00,5,212,3164,5
lakers,post,2,2026-03-01 20:00:00-08:00,13,688,5304,12
lakers,post,2,2026-03-01 22:00:00-08:00,2,86,26,2
lakers,post,2,2026-03-02 00:00:00-08:00,3,162,741,3
lakers,post,2,2026-03-02 02:00:00-08:00,1,45,125,1
lakers,post,2,2026-03-02 04:00:00-08:00,1,4,35,1
lakers,post,2,2026-03-02 06:00:00-08:00,4,230,21,4
lakers,post,2,2026-03-02 08:00:00-08:00,4,239,2387,4
lakers,post,2,2026-03-02 10:00:00-08:00,4,101,315,4
lakers,post,2,2026-03-02 12:00:00-08:00,1,83,79,1
lakers,post,2,2026-03-02 14:00:00-08:00,2,60,186,2
lakers,post,2,2026-03-02 16:00:00-08:00,3,75,1988,3
lakers,post,2,2026-03-02 20:00:00-08:00,1,21,76,1
lakers,post,2,2026-03-02 22:00:00-08:00,1,49,20,1
lakers,post,2,2026-03-03 00:00:00-08:00,2,171,1249,2
lakers,post,2,2026-03-03 02:00:00-08:00,2,92,150,2
lakers,post,2,2026-03-03 06:00:00-08:00,3,122,387,3
lakers,post,2,2026-03-03 08:00:00-08:00,3,149,2329,3
lakers,post,2,2026-03-03 12:00:00-08:00,3,137,1666,3
lakers,post,2,2026-03-03 14:00:00-08:00,3,59,125,3
lakers,post,2,2026-03-03 16:00:00-08:00,3,104,149,3
lakers,post,2,2026-03-03 18:00:00-08:00,7,3693,1439,6
lakers,post,2,2026-03-03 20:00:00-08:00,5,158,2663,4
lakers,post,2,2026-03-03 22:00:00-08:00,19,990,5479,18
lakers,post,2,2026-03-04 00:00:00-08:00,3,68,104,3
lakers,post,2,2026-03-04 02:00:00-08:00,1,30,294,1
lakers,post,2,2026-03-04 04:00:00-08:00,1,57,11,1
lakers,post,2,2026-03-04 06:00:00-08:00,6,240,1074,6
lakers,post,2,2026-03-04 08:00:00-08:00,8,588,2570,8
lakers,post,2,2026-03-04 10:00:00-08:00,6,403,603,6
lakers,post,2,2026-03-04 14:00:00-08:00,4,137,83,4
lakers,post,2,2026-03-04 16:00:00-08:00,4,136,759,4
lakers,post,2,2026-03-04 18:00:00-08:00,1,39,600,1
lakers,post,2,2026-03-05 00:00:00-08:00,1,21,75,1
lakers,post,2,2026-03-05 04:00:00-08:00,1,107,339,1
lakers,post,2,2026-03-05 06:00:00-08:00,3,202,185,3
lakers,post,2,2026-03-05 10:00:00-08:00,2,101,618,2
lakers,post,2,2026-03-05 12:00:00-08:00,1,38,45,1
lakers,post,2,2026-03-05 18:00:00-08:00,5,7355,1252,5
lakers,post,2,2026-03-05 20:00:00-08:00,21,1664,3356,20
lakers,post,2,2026-03-05 22:00:00-08:00,7,268,1131,7
lakers,post,2,2026-03-06 00:00:00-08:00,3,133,3,3
lakers,post,2,2026-03-06 02:00:00-08:00,2,129,358,2
lakers,post,2,2026-03-06 04:00:00-08:00,1,48,0,1
lakers,post,2,2026-03-06 06:00:00-08:00,4,291,132,4
lakers,post,2,2026-03-06 08:00:00-08:00,9,501,1579,9
lakers,post,2,2026-03-06 10:00:00-08:00,4,83,43,4
lakers,post,2,2026-03-06 12:00:00-08:00,1,75,107,1
lakers,post,2,2026-03-06 14:00:00-08:00,3,26,32,3
lakers,post,2,2026-03-06 16:00:00-08:00,3,31,422,3
lakers,post,2,2026-03-06 18:00:00-08:00,2,2323,92,2
lakers,post,2,2026-03-06 20:00:00-08:00,14,670,6452,13
lakers,post,2,2026-03-06 22:00:00-08:00,8,187,1029,8
lakers,post,2,2026-03-07 00:00:00-08:00,1,127,940,1
lakers,post,2,2026-03-07 02:00:00-08:00,1,60,625,1
lakers,post,2,2026-03-07 04:00:00-08:00,2,80,0,2
lakers,post,2,2026-03-07 06:00:00-08:00,3,171,82,3
lakers,post,2,2026-03-07 08:00:00-08:00,3,86,1248,3
lakers,post,2,2026-03-07 12:00:00-08:00,4,226,407,4
lakers,post,2,2026-03-07 16:00:00-08:00,4,166,86,4
lakers,post,2,2026-03-07 18:00:00-08:00,2,141,2014,2
lakers,post,2,2026-03-07 20:00:00-08:00,1,75,120,1
lakers,post,2,2026-03-07 22:00:00-08:00,3,98,417,3
lakers,post,2,2026-03-08 06:00:00-07:00,3,100,56,3
lakers,post,2,2026-03-08 08:00:00-07:00,3,84,715,3
lakers,post,2,2026-03-08 10:00:00-07:00,4,4206,541,4
lakers,post,2,2026-03-08 12:00:00-07:00,1,14,206,1
lakers,post,2,2026-03-08 14:00:00-07:00,24,1013,4323,18
lakers,post,2,2026-03-08 16:00:00-07:00,9,172,498,9
lakers,post,2,2026-03-08 18:00:00-07:00,1,18,0,1
bostonceltics,comment,4,2026-03-08 12:00:00-07:00,791,0,8022,355
bostonceltics,comment,4,2026-03-08 16:00:00-07:00,201,0,1275,156
bostonceltics,post,4,2026-01-11 20:00:00-08:00,1,37,3,1
bostonceltics,post,4,2026-01-12 12:00:00-08:00,5,831,1243,5
bostonceltics,post,4,2026-01-12 16:00:00-08:00,3,200,153,3
bostonceltics,post,4,2026-01-12 20:00:00-08:00,4,174,655,4
bostonceltics,post,4,2026-01-13 04:00:00-08:00,1,57,80,1
bostonceltics,post,4,2026-01-13 08:00:00-08:00,2,275,352,2
bostonceltics,post,4,2026-01-13 12:00:00-08:00,2,40,123,2
bostonceltics,post,4,2026-01-13 16:00:00-08:00,1,6,7,1
bostonceltics,post,4,2026-01-13 20:00:00-08:00,1,46,3,1
bostonceltics,post,4,2026-01-14 04:00:00-08:00,2,14,61,2
bostonceltics,post,4,2026-01-14 08:00:00-08:00,3,231,223,3
bostonceltics,post,4,2026-01-14 12:00:00-08:00,5,88,641,5
bostonceltics,post,4,2026-01-14 20:00:00-08:00,2,106,70,2
bostonceltics,post,4,2026-01-15 04:00:00-08:00,3,66,705,3
bostonceltics,post,4,2026-01-15 08:00:00-08:00,3,81,187,3
bostonceltics,post,4,2026-01-15 12:00:00-08:00,2,1175,95,2
bostonceltics,post,4,2026-01-15 16:00:00-08:00,8,371,3051,8
bostonceltics,post,4,2026-01-15 20:00:00-08:00,4,210,208,4
bostonceltics,post,4,2026-01-16 00:00:00-08:00,2,21,386,2
bostonceltics,post,4,2026-01-16 04:00:00-08:00,5,282,575,4
bostonceltics,post,4,2026-01-16 08:00:00-08:00,4,98,153,4
bostonceltics,post,4,2026-01-16 12:00:00-08:00,4,135,293,4
bostonceltics,post,4,2026-01-16 20:00:00-08:00,1,15,6,1
bostonceltics,post,4,2026-01-17 00:00:00-08:00,1,127,888,1
bostonceltics,post,4,2026-01-17 04:00:00-08:00,3,80,76,3
bostonceltics,post,4,2026-01-17 08:00:00-08:00,2,29,94,2
bostonceltics,post,4,2026-01-17 12:00:00-08:00,2,673,68,2
bostonceltics,post,4,2026-01-17 16:00:00-08:00,5,146,1454,5
bostonceltics,post,4,2026-01-17 20:00:00-08:00,5,115,900,3
bostonceltics,post,4,2026-01-18 00:00:00-08:00,1,10,0,1
bostonceltics,post,4,2026-01-18 04:00:00-08:00,5,90,490,5
bostonceltics,post,4,2026-01-18 08:00:00-08:00,2,11,186,2
bostonceltics,post,4,2026-01-18 12:00:00-08:00,1,39,61,1
bostonceltics,post,4,2026-01-18 16:00:00-08:00,1,90,161,1
bostonceltics,post,4,2026-01-18 20:00:00-08:00,1,23,3,1
bostonceltics,post,4,2026-01-19 04:00:00-08:00,2,37,45,2
bostonceltics,post,4,2026-01-19 08:00:00-08:00,5,102,1252,5
bostonceltics,post,4,2026-01-19 12:00:00-08:00,1,1645,58,1
bostonceltics,post,4,2026-01-19 16:00:00-08:00,5,388,2380,5
bostonceltics,post,4,2026-01-19 20:00:00-08:00,2,96,25,2
bostonceltics,post,4,2026-01-20 00:00:00-08:00,5,181,225,5
bostonceltics,post,4,2026-01-20 04:00:00-08:00,1,42,0,1
bostonceltics,post,4,2026-01-20 08:00:00-08:00,4,79,437,4
bostonceltics,post,4,2026-01-20 12:00:00-08:00,1,158,324,1
bostonceltics,post,4,2026-01-20 16:00:00-08:00,1,68,0,1
bostonceltics,post,4,2026-01-20 20:00:00-08:00,1,22,4,1
bostonceltics,post,4,2026-01-21 08:00:00-08:00,2,63,230,2
bostonceltics,post,4,2026-01-21 12:00:00-08:00,2,505,88,2
bostonceltics,post,4,2026-01-21 16:00:00-08:00,3,90,514,3
bostonceltics,post,4,2026-01-21 20:00:00-08:00,2,102,194,2
bostonceltics,post,4,2026-01-22 04:00:00-08:00,5,197,1018,5
bostonceltics,post,4,2026-01-22 08:00:00-08:00,6,318,240,6
bostonceltics,post,4,2026-01-22 12:00:00-08:00,6,302,1192,6
bostonceltics,post,4,2026-01-22 20:00:00-08:00,2,70,92,2
bostonceltics,post,4,2026-01-23 04:00:00-08:00,1,91,1665,1
bostonceltics,post,4,2026-01-23 08:00:00-08:00,2,87,38,2
bostonceltics,post,4,2026-01-23 12:00:00-08:00,4,1547,641,4
bostonceltics,post,4,2026-01-23 16:00:00-08:00,6,385,3502,6
bostonceltics,post,4,2026-01-23 20:00:00-08:00,7,128,1643,7
bostonceltics,post,4,2026-01-24 00:00:00-08:00,7,115,1814,3
bostonceltics,post,4,2026-01-24 04:00:00-08:00,2,23,204,2
bostonceltics,post,4,2026-01-24 08:00:00-08:00,2,78,120,2
bostonceltics,post,4,2026-01-24 12:00:00-08:00,3,776,79,3
bostonceltics,post,4,2026-01-24 16:00:00-08:00,3,156,90,3
bostonceltics,post,4,2026-01-24 20:00:00-08:00,2,45,212,2
bostonceltics,post,4,2026-01-25 04:00:00-08:00,1,141,36,1
bostonceltics,post,4,2026-01-25 12:00:00-08:00,2,32,222,2
bostonceltics,post,4,2026-01-25 16:00:00-08:00,3,36,557,3
bostonceltics,post,4,2026-01-25 20:00:00-08:00,1,26,3,1
bostonceltics,post,4,2026-01-26 08:00:00-08:00,2,32,137,2
bostonceltics,post,4,2026-01-26 12:00:00-08:00,1,1046,63,1
bostonceltics,post,4,2026-01-26 16:00:00-08:00,4,213,644,4
bostonceltics,post,4,2026-01-26 20:00:00-08:00,1,89,2,1
bostonceltics,post,4,2026-01-27 00:00:00-08:00,2,34,695,2
bostonceltics,post,4,2026-01-27 04:00:00-08:00,1,19,283,1
bostonceltics,post,4,2026-01-27 08:00:00-08:00,3,108,203,3
bostonceltics,post,4,2026-01-27 12:00:00-08:00,3,304,343,3
bostonceltics,post,4,2026-01-27 20:00:00-08:00,2,64,244,2
bostonceltics,post,4,2026-01-28 04:00:00-08:00,3,124,537,3
bostonceltics,post,4,2026-01-28 08:00:00-08:00,4,235,1024,4
bostonceltics,post,4,2026-01-28 12:00:00-08:00,4,1145,396,4
bostonceltics,post,4,2026-01-28 16:00:00-08:00,6,235,726,5
bostonceltics,post,4,2026-01-28 20:00:00-08:00,6,522,875,6
bostonceltics,post,4,2026-01-29 00:00:00-08:00,1,6,19,1
bostonceltics,post,4,2026-01-29 04:00:00-08:00,1,173,160,1
bostonceltics,post,4,2026-01-29 08:00:00-08:00,2,88,161,2
bostonceltics,post,4,2026-01-29 12:00:00-08:00,5,148,1547,4
bostonceltics,post,4,2026-01-29 16:00:00-08:00,2,39,49,2
bostonceltics,post,4,2026-01-29 20:00:00-08:00,2,91,3,2
bostonceltics,post,4,2026-01-30 04:00:00-08:00,1,38,73,1
bostonceltics,post,4,2026-01-30 12:00:00-08:00,2,334,79,2
bostonceltics,post,4,2026-01-30 16:00:00-08:00,4,101,546,4
bostonceltics,post,4,2026-01-30 20:00:00-08:00,2,28,179,2
bostonceltics,post,4,2026-01-31 04:00:00-08:00,3,116,871,3
bostonceltics,post,4,2026-01-31 08:00:00-08:00,3,115,388,3
bostonceltics,post,4,2026-01-31 12:00:00-08:00,1,42,2,1
bostonceltics,post,4,2026-01-31 16:00:00-08:00,1,19,0,1
bostonceltics,post,4,2026-01-31 20:00:00-08:00,2,78,167,2
bostonceltics,post,4,2026-02-01 04:00:00-08:00,1,15,110,1
bostonceltics,post,4,2026-02-01 08:00:00-08:00,1,579,71,1
bostonceltics,post,4,2026-02-01 12:00:00-08:00,3,66,597,3
bostonceltics,post,4,2026-02-01 16:00:00-08:00,5,394,839,5
bostonceltics,post,4,2026-02-01 20:00:00-08:00,2,56,3,2
bostonceltics,post,4,2026-02-02 00:00:00-08:00,1,10,66,1
bostonceltics,post,4,2026-02-02 04:00:00-08:00,1,7,135,1
bostonceltics,post,4,2026-02-02 08:00:00-08:00,5,259,796,4
bostonceltics,post,4,2026-02-02 16:00:00-08:00,1,70,136,1
bostonceltics,post,4,2026-02-02 20:00:00-08:00,1,111,2,1
bostonceltics,post,4,2026-02-03 00:00:00-08:00,1,40,61,1
bostonceltics,post,4,2026-02-03 04:00:00-08:00,3,187,691,3
bostonceltics,post,4,2026-02-03 08:00:00-08:00,4,167,158,4
bostonceltics,post,4,2026-02-03 12:00:00-08:00,25,3302,5534,17
bostonceltics,post,4,2026-02-03 16:00:00-08:00,5,180,539,5
bostonceltics,post,4,2026-02-03 20:00:00-08:00,3,305,534,3
bostonceltics,post,4,2026-02-04 00:00:00-08:00,2,123,648,2
bostonceltics,post,4,2026-02-04 04:00:00-08:00,6,238,248,6
bostonceltics,post,4,2026-02-04 08:00:00-08:00,1,4,11,1
bostonceltics,post,4,2026-02-04 12:00:00-08:00,5,1648,114,5
bostonceltics,post,4,2026-02-04 16:00:00-08:00,8,486,1862,8
bostonceltics,post,4,2026-02-04 20:00:00-08:00,9,547,1377,8
bostonceltics,post,4,2026-02-05 00:00:00-08:00,2,49,710,2
bostonceltics,post,4,2026-02-05 04:00:00-08:00,4,139,401,4
bostonceltics,post,4,2026-02-05 08:00:00-08:00,11,837,2318,8
bostonceltics,post,4,2026-02-05 12:00:00-08:00,18,994,2745,17
bostonceltics,post,4,2026-02-05 16:00:00-08:00,5,202,840,5
bostonceltics,post,4,2026-02-05 20:00:00-08:00,3,173,1270,3
bostonceltics,post,4,2026-02-06 00:00:00-08:00,1,10,312,1
bostonceltics,post,4,2026-02-06 04:00:00-08:00,4,94,304,4
bostonceltics,post,4,2026-02-06 08:00:00-08:00,9,380,3379,9
bostonceltics,post,4,2026-02-06 12:00:00-08:00,6,1972,160,6
bostonceltics,post,4,2026-02-06 16:00:00-08:00,9,597,4300,9
bostonceltics,post,4,2026-02-06 20:00:00-08:00,6,190,619,6
bostonceltics,post,4,2026-02-07 00:00:00-08:00,1,32,276,1
bostonceltics,post,4,2026-02-07 04:00:00-08:00,6,290,932,6
bostonceltics,post,4,2026-02-07 08:00:00-08:00,6,103,925,6
bostonceltics,post,4,2026-02-07 12:00:00-08:00,3,62,302,3
bostonceltics,post,4,2026-02-07 16:00:00-08:00,2,58,78,2
bostonceltics,post,4,2026-02-07 20:00:00-08:00,3,118,703,3
bostonceltics,post,4,2026-02-08 04:00:00-08:00,4,2124,281,4
bostonceltics,post,4,2026-02-08 08:00:00-08:00,4,98,1047,4
bostonceltics,post,4,2026-02-08 12:00:00-08:00,4,288,374,4
bostonceltics,post,4,2026-02-08 16:00:00-08:00,1,26,0,1
bostonceltics,post,4,2026-02-08 20:00:00-08:00,1,82,6,1
bostonceltics,post,4,2026-02-09 08:00:00-08:00,2,13,63,2
bostonceltics,post,4,2026-02-09 12:00:00-08:00,2,158,1051,1
bostonceltics,post,4,2026-02-09 16:00:00-08:00,3,99,399,3
bostonceltics,post,4,2026-02-09 20:00:00-08:00,2,120,646,2
bostonceltics,post,4,2026-02-10 04:00:00-08:00,1,41,275,1
bostonceltics,post,4,2026-02-10 08:00:00-08:00,6,139,631,6
bostonceltics,post,4,2026-02-10 12:00:00-08:00,4,144,1104,4
bostonceltics,post,4,2026-02-10 16:00:00-08:00,5,111,1210,5
bostonceltics,post,4,2026-02-10 20:00:00-08:00,1,56,1,1
bostonceltics,post,4,2026-02-11 08:00:00-08:00,5,163,1622,5
bostonceltics,post,4,2026-02-11 12:00:00-08:00,6,738,801,6
bostonceltics,post,4,2026-02-11 16:00:00-08:00,2,100,851,2
bostonceltics,post,4,2026-02-11 20:00:00-08:00,2,112,635,2
bostonceltics,post,4,2026-02-12 00:00:00-08:00,1,24,502,1
bostonceltics,post,4,2026-02-12 04:00:00-08:00,2,87,1207,2
bostonceltics,post,4,2026-02-12 08:00:00-08:00,2,184,581,2
bostonceltics,post,4,2026-02-12 12:00:00-08:00,2,29,301,2
bostonceltics,post,4,2026-02-12 16:00:00-08:00,2,103,410,2
bostonceltics,post,4,2026-02-12 20:00:00-08:00,1,54,1,1
bostonceltics,post,4,2026-02-13 00:00:00-08:00,1,73,121,1
bostonceltics,post,4,2026-02-13 08:00:00-08:00,2,62,169,2
bostonceltics,post,4,2026-02-13 12:00:00-08:00,4,125,1215,4
bostonceltics,post,4,2026-02-13 16:00:00-08:00,3,82,696,3
bostonceltics,post,4,2026-02-13 20:00:00-08:00,2,45,26,2
bostonceltics,post,4,2026-02-14 08:00:00-08:00,1,17,36,1
bostonceltics,post,4,2026-02-14 20:00:00-08:00,1,11,5,1
bostonceltics,post,4,2026-02-15 04:00:00-08:00,2,74,248,2
bostonceltics,post,4,2026-02-15 08:00:00-08:00,2,114,864,2
bostonceltics,post,4,2026-02-15 12:00:00-08:00,2,175,24,2
bostonceltics,post,4,2026-02-15 16:00:00-08:00,3,259,414,3
bostonceltics,post,4,2026-02-15 20:00:00-08:00,2,55,519,2
bostonceltics,post,4,2026-02-16 00:00:00-08:00,1,2,7,1
bostonceltics,post,4,2026-02-16 04:00:00-08:00,1,20,528,1
bostonceltics,post,4,2026-02-16 08:00:00-08:00,4,83,1109,4
bostonceltics,post,4,2026-02-16 12:00:00-08:00,3,96,456,3
bostonceltics,post,4,2026-02-16 20:00:00-08:00,2,75,2,2
bostonceltics,post,4,2026-02-17 04:00:00-08:00,1,28,287,1
bostonceltics,post,4,2026-02-17 08:00:00-08:00,3,150,153,3
bostonceltics,post,4,2026-02-17 12:00:00-08:00,1,10,620,1
bostonceltics,post,4,2026-02-17 16:00:00-08:00,2,43,6,2
bostonceltics,post,4,2026-02-17 20:00:00-08:00,2,52,11,2
bostonceltics,post,4,2026-02-18 04:00:00-08:00,1,7,74,1
bostonceltics,post,4,2026-02-18 08:00:00-08:00,1,1,7,1
bostonceltics,post,4,2026-02-18 12:00:00-08:00,3,90,50,3
bostonceltics,post,4,2026-02-18 16:00:00-08:00,1,56,136,1
bostonceltics,post,4,2026-02-18 20:00:00-08:00,1,13,2,1
bostonceltics,post,4,2026-02-19 04:00:00-08:00,2,118,1343,2
bostonceltics,post,4,2026-02-19 08:00:00-08:00,5,81,239,5
bostonceltics,post,4,2026-02-19 12:00:00-08:00,2,49,35,2
bostonceltics,post,4,2026-02-19 16:00:00-08:00,5,1708,2074,4
bostonceltics,post,4,2026-02-19 20:00:00-08:00,11,309,851,11
bostonceltics,post,4,2026-02-20 00:00:00-08:00,2,87,499,2
bostonceltics,post,4,2026-02-20 04:00:00-08:00,2,139,2563,1
bostonceltics,post,4,2026-02-20 08:00:00-08:00,7,225,2218,6
bostonceltics,post,4,2026-02-20 12:00:00-08:00,1,96,916,1
bostonceltics,post,4,2026-02-20 20:00:00-08:00,1,33,7,1
bostonceltics,post,4,2026-02-21 04:00:00-08:00,1,61,816,1
bostonceltics,post,4,2026-02-21 08:00:00-08:00,1,3,30,1
bostonceltics,post,4,2026-02-21 12:00:00-08:00,1,68,125,1
bostonceltics,post,4,2026-02-21 20:00:00-08:00,1,16,5,1
bostonceltics,post,4,2026-02-22 00:00:00-08:00,2,191,1717,2
bostonceltics,post,4,2026-02-22 08:00:00-08:00,4,167,157,4
bostonceltics,post,4,2026-02-22 12:00:00-08:00,7,2239,1848,6
bostonceltics,post,4,2026-02-22 16:00:00-08:00,26,844,8408,19
bostonceltics,post,4,2026-02-22 20:00:00-08:00,2,107,258,2
bostonceltics,post,4,2026-02-23 00:00:00-08:00,2,22,81,2
bostonceltics,post,4,2026-02-23 04:00:00-08:00,5,273,3174,4
bostonceltics,post,4,2026-02-23 08:00:00-08:00,2,166,707,2
bostonceltics,post,4,2026-02-23 12:00:00-08:00,3,49,619,3
bostonceltics,post,4,2026-02-23 16:00:00-08:00,4,122,122,4
bostonceltics,post,4,2026-02-23 20:00:00-08:00,1,34,2,1
bostonceltics,post,4,2026-02-24 08:00:00-08:00,5,150,1036,5
bostonceltics,post,4,2026-02-24 12:00:00-08:00,1,47,396,1
bostonceltics,post,4,2026-02-24 16:00:00-08:00,7,1143,1016,7
bostonceltics,post,4,2026-02-24 20:00:00-08:00,9,383,1573,9
bostonceltics,post,4,2026-02-25 00:00:00-08:00,2,35,445,2
bostonceltics,post,4,2026-02-25 04:00:00-08:00,3,118,1174,3
bostonceltics,post,4,2026-02-25 08:00:00-08:00,5,94,521,5
bostonceltics,post,4,2026-02-25 12:00:00-08:00,3,196,1358,3
bostonceltics,post,4,2026-02-25 16:00:00-08:00,3,1802,160,3
bostonceltics,post,4,2026-02-25 20:00:00-08:00,5,438,484,5
bostonceltics,post,4,2026-02-26 00:00:00-08:00,1,4,99,1
bostonceltics,post,4,2026-02-26 04:00:00-08:00,4,137,274,4
bostonceltics,post,4,2026-02-26 08:00:00-08:00,1,2,26,1
bostonceltics,post,4,2026-02-26 12:00:00-08:00,4,286,2193,4
bostonceltics,post,4,2026-02-26 16:00:00-08:00,2,94,238,2
bostonceltics,post,4,2026-02-26 20:00:00-08:00,1,50,2,1
bostonceltics,post,4,2026-02-27 04:00:00-08:00,1,70,53,1
bostonceltics,post,4,2026-02-27 08:00:00-08:00,3,46,444,3
bostonceltics,post,4,2026-02-27 12:00:00-08:00,4,751,296,4
bostonceltics,post,4,2026-02-27 16:00:00-08:00,8,218,2072,8
bostonceltics,post,4,2026-02-27 20:00:00-08:00,3,77,240,3
bostonceltics,post,4,2026-02-28 00:00:00-08:00,2,18,175,2
bostonceltics,post,4,2026-02-28 08:00:00-08:00,3,177,451,3
bostonceltics,post,4,2026-02-28 12:00:00-08:00,3,50,265,3
bostonceltics,post,4,2026-02-28 16:00:00-08:00,2,81,254,2
bostonceltics,post,4,2026-02-28 20:00:00-08:00,2,55,79,2
bostonceltics,post,4,2026-03-01 04:00:00-08:00,1,14,168,1
bostonceltics,post,4,2026-03-01 08:00:00-08:00,1,22,187,1
bostonceltics,post,4,2026-03-01 12:00:00-08:00,2,1533,86,2
bostonceltics,post,4,2026-03-01 16:00:00-08:00,8,380,3218,8
bostonceltics,post,4,2026-03-01 20:00:00-08:00,6,164,910,6
bostonceltics,post,4,2026-03-02 00:00:00-08:00,3,110,443,3
bostonceltics,post,4,2026-03-02 04:00:00-08:00,3,97,809,3
bostonceltics,post,4,2026-03-02 08:00:00-08:00,9,285,2207,8
bostonceltics,post,4,2026-03-02 12:00:00-08:00,4,953,300,4
bostonceltics,post,4,2026-03-02 16:00:00-08:00,9,399,2286,8
bostonceltics,post,4,2026-03-02 20:00:00-08:00,7,202,1085,7
bostonceltics,post,4,2026-03-03 04:00:00-08:00,2,52,690,2
bostonceltics,post,4,2026-03-03 08:00:00-08:00,8,173,1450,7
bostonceltics,post,4,2026-03-03 12:00:00-08:00,4,153,2009,4
bostonceltics,post,4,2026-03-03 16:00:00-08:00,2,71,557,2
bostonceltics,post,4,2026-03-03 20:00:00-08:00,2,85,319,2
bostonceltics,post,4,2026-03-04 00:00:00-08:00,1,3,146,1
bostonceltics,post,4,2026-03-04 04:00:00-08:00,1,1,13,1
bostonceltics,post,4,2026-03-04 08:00:00-08:00,4,130,829,4
bostonceltics,post,4,2026-03-04 12:00:00-08:00,3,1255,224,3
bostonceltics,post,4,2026-03-04 16:00:00-08:00,6,338,771,5
bostonceltics,post,4,2026-03-04 20:00:00-08:00,2,102,322,2
bostonceltics,post,4,2026-03-05 04:00:00-08:00,1,34,10,1
bostonceltics,post,4,2026-03-05 08:00:00-08:00,9,531,4844,7
bostonceltics,post,4,2026-03-05 12:00:00-08:00,4,178,781,4
bostonceltics,post,4,2026-03-05 16:00:00-08:00,3,74,742,2
bostonceltics,post,4,2026-03-05 20:00:00-08:00,2,107,21,2
bostonceltics,post,4,2026-03-06 00:00:00-08:00,1,7,132,1
bostonceltics,post,4,2026-03-06 04:00:00-08:00,4,82,2007,4
bostonceltics,post,4,2026-03-06 08:00:00-08:00,7,290,2565,5
bostonceltics,post,4,2026-03-06 12:00:00-08:00,20,2912,3678,12
bostonceltics,post,4,2026-03-06 16:00:00-08:00,28,722,12359,17
bostonceltics,post,4,2026-03-06 20:00:00-08:00,3,118,418,3
bostonceltics,post,4,2026-03-07 00:00:00-08:00,4,63,920,4
bostonceltics,post,4,2026-03-07 04:00:00-08:00,7,189,1809,7
bostonceltics,post,4,2026-03-07 08:00:00-08:00,6,45,554,6
bostonceltics,post,4,2026-03-07 12:00:00-08:00,2,81,911,2
bostonceltics,post,4,2026-03-07 16:00:00-08:00,2,88,201,2
bostonceltics,post,4,2026-03-07 20:00:00-08:00,3,42,305,3
bostonceltics,post,4,2026-03-08 04:00:00-07:00,4,76,146,4
bostonceltics,post,4,2026-03-08 08:00:00-07:00,6,2218,1298,4
bostonceltics,post,4,2026-03-08 12:00:00-07:00,12,447,2694,10
bostonceltics,post,4,2026-03-08 16:00:00-07:00,7,99,557,7
lakers,comment,4,2026-03-08 12:00:00-07:00,307,0,2601,179
lakers,comment,4,2026-03-08 16:00:00-07:00,630,0,1489,370
lakers,post,4,2026-02-09 20:00:00-08:00,2,334,1513,2
lakers,post,4,2026-02-10 00:00:00-08:00,2,28,42,2
lakers,post,4,2026-02-10 04:00:00-08:00,2,143,343,2
lakers,post,4,2026-02-10 08:00:00-08:00,7,849,1569,7
lakers,post,4,2026-02-10 12:00:00-08:00,8,561,1260,8
lakers,post,4,2026-02-10 16:00:00-08:00,8,3256,1356,8
lakers,post,4,2026-02-10 20:00:00-08:00,14,1385,6965,14
lakers,post,4,2026-02-11 00:00:00-08:00,4,216,512,4
lakers,post,4,2026-02-11 04:00:00-08:00,4,252,427,4
lakers,post,4,2026-02-11 08:00:00-08:00,5,212,2207,5
lakers,post,4,2026-02-11 12:00:00-08:00,5,478,791,5
lakers,post,4,2026-02-11 16:00:00-08:00,6,816,1905,6
lakers,post,4,2026-02-11 20:00:00-08:00,2,108,350,2
lakers,post,4,2026-02-12 00:00:00-08:00,3,82,479,3
lakers,post,4,2026-02-12 04:00:00-08:00,3,544,514,3
lakers,post,4,2026-02-12 08:00:00-08:00,2,127,1432,2
lakers,post,4,2026-02-12 12:00:00-08:00,5,150,771,5
lakers,post,4,2026-02-12 16:00:00-08:00,5,2327,743,5
lakers,post,4,2026-02-12 20:00:00-08:00,13,866,8434,12
lakers,post,4,2026-02-13 00:00:00-08:00,2,60,504,2
lakers,post,4,2026-02-13 04:00:00-08:00,6,336,2364,6
lakers,post,4,2026-02-13 08:00:00-08:00,7,310,1112,7
lakers,post,4,2026-02-13 12:00:00-08:00,1,68,459,1
lakers,post,4,2026-02-13 16:00:00-08:00,2,632,1127,2
lakers,post,4,2026-02-13 20:00:00-08:00,4,144,299,3
lakers,post,4,2026-02-14 00:00:00-08:00,1,43,0,1
lakers,post,4,2026-02-14 04:00:00-08:00,2,312,8,2
lakers,post,4,2026-02-14 08:00:00-08:00,4,196,1971,4
lakers,post,4,2026-02-14 12:00:00-08:00,8,347,2351,8
lakers,post,4,2026-02-14 16:00:00-08:00,3,243,2563,3
lakers,post,4,2026-02-14 20:00:00-08:00,5,343,4114,5
lakers,post,4,2026-02-15 04:00:00-08:00,3,378,616,3
lakers,post,4,2026-02-15 08:00:00-08:00,2,168,486,2
lakers,post,4,2026-02-15 12:00:00-08:00,3,543,3027,3
lakers,post,4,2026-02-15 16:00:00-08:00,3,82,364,3
lakers,post,4,2026-02-15 20:00:00-08:00,5,583,2236,5
lakers,post,4,2026-02-16 00:00:00-08:00,1,219,343,1
lakers,post,4,2026-02-16 04:00:00-08:00,2,108,348,2
lakers,post,4,2026-02-16 08:00:00-08:00,5,420,1701,5
lakers,post,4,2026-02-16 12:00:00-08:00,3,350,675,3
lakers,post,4,2026-02-16 16:00:00-08:00,3,275,3622,3
lakers,post,4,2026-02-16 20:00:00-08:00,4,261,206,4
lakers,post,4,2026-02-17 00:00:00-08:00,2,116,21,2
lakers,post,4,2026-02-17 04:00:00-08:00,2,464,495,2
lakers,post,4,2026-02-17 08:00:00-08:00,3,649,1374,3
lakers,post,4,2026-02-17 12:00:00-08:00,3,178,1474,3
lakers,post,4,2026-02-17 16:00:00-08:00,4,217,4337,4
lakers,post,4,2026-02-17 20:00:00-08:00,1,6,167,1
lakers,post,4,2026-02-18 04:00:00-08:00,2,122,288,2
lakers,post,4,2026-02-18 08:00:00-08:00,3,226,1202,3
lakers,post,4,2026-02-18 12:00:00-08:00,1,54,0,1
lakers,post,4,2026-02-18 16:00:00-08:00,2,152,0,2
lakers,post,4,2026-02-19 04:00:00-08:00,2,145,26,2
lakers,post,4,2026-02-19 08:00:00-08:00,6,215,1252,4
lakers,post,4,2026-02-19 12:00:00-08:00,13,784,3880,12
lakers,post,4,2026-02-19 16:00:00-08:00,3,240,794,3
lakers,post,4,2026-02-19 20:00:00-08:00,5,235,636,5
lakers,post,4,2026-02-20 00:00:00-08:00,1,209,344,1
lakers,post,4,2026-02-20 04:00:00-08:00,3,151,568,3
lakers,post,4,2026-02-20 08:00:00-08:00,5,407,710,5
lakers,post,4,2026-02-20 12:00:00-08:00,6,317,573,6
lakers,post,4,2026-02-20 16:00:00-08:00,6,5016,2293,6
lakers,post,4,2026-02-20 20:00:00-08:00,27,1499,10649,22
lakers,post,4,2026-02-21 00:00:00-08:00,2,185,2027,2
lakers,post,4,2026-02-21 04:00:00-08:00,5,220,877,5
lakers,post,4,2026-02-21 08:00:00-08:00,4,197,2113,4
lakers,post,4,2026-02-21 12:00:00-08:00,4,103,340,4
lakers,post,4,2026-02-21 16:00:00-08:00,5,413,1048,5
lakers,post,4,2026-02-21 20:00:00-08:00,6,345,2085,6
lakers,post,4,2026-02-22 00:00:00-08:00,1,27,92,1
lakers,post,4,2026-02-22 04:00:00-08:00,6,247,1014,5
lakers,post,4,2026-02-22 08:00:00-08:00,2,49,236,2
lakers,post,4,2026-02-22 12:00:00-08:00,9,5684,1327,9
lakers,post,4,2026-02-22 16:00:00-08:00,23,1988,2998,20
lakers,post,4,2026-02-22 20:00:00-08:00,16,784,2209,15
lakers,post,4,2026-02-23 00:00:00-08:00,6,241,1414,5
lakers,post,4,2026-02-23 04:00:00-08:00,4,277,137,4
lakers,post,4,2026-02-23 08:00:00-08:00,7,684,1620,7
lakers,post,4,2026-02-23 12:00:00-08:00,4,265,784,4
lakers,post,4,2026-02-23 16:00:00-08:00,8,499,837,8
lakers,post,4,2026-02-23 20:00:00-08:00,2,47,214,2
lakers,post,4,2026-02-24 00:00:00-08:00,4,102,7,4
lakers,post,4,2026-02-24 04:00:00-08:00,3,232,94,3
lakers,post,4,2026-02-24 08:00:00-08:00,5,177,1252,5
lakers,post,4,2026-02-24 12:00:00-08:00,5,730,678,5
lakers,post,4,2026-02-24 16:00:00-08:00,5,4050,579,5
lakers,post,4,2026-02-24 20:00:00-08:00,37,3035,8098,35
lakers,post,4,2026-02-25 00:00:00-08:00,3,161,11,3
lakers,post,4,2026-02-25 04:00:00-08:00,8,647,301,8
lakers,post,4,2026-02-25 08:00:00-08:00,7,931,1307,7
lakers,post,4,2026-02-25 12:00:00-08:00,11,614,687,10
lakers,post,4,2026-02-25 16:00:00-08:00,7,336,586,7
lakers,post,4,2026-02-25 20:00:00-08:00,5,588,1229,5
lakers,post,4,2026-02-26 00:00:00-08:00,1,34,0,1
lakers,post,4,2026-02-26 04:00:00-08:00,9,903,2117,8
lakers,post,4,2026-02-26 08:00:00-08:00,9,437,1077,8
lakers,post,4,2026-02-26 12:00:00-08:00,5,226,204,5
lakers,post,4,2026-02-26 16:00:00-08:00,8,5394,1125,6
lakers,post,4,2026-02-26 20:00:00-08:00,54,3942,10842,54
lakers,post,4,2026-02-27 00:00:00-08:00,4,303,587,4
lakers,post,4,2026-02-27 04:00:00-08:00,10,613,165,10
lakers,post,4,2026-02-27 08:00:00-08:00,19,961,4380,19
lakers,post,4,2026-02-27 12:00:00-08:00,9,584,1165,9
lakers,post,4,2026-02-27 16:00:00-08:00,9,389,765,9
lakers,post,4,2026-02-27 20:00:00-08:00,10,335,1580,9
lakers,post,4,2026-02-28 00:00:00-08:00,3,217,750,2
lakers,post,4,2026-02-28 04:00:00-08:00,4,150,244,4
lakers,post,4,2026-02-28 08:00:00-08:00,6,135,1674,6
lakers,post,4,2026-02-28 12:00:00-08:00,6,487,1885,6
lakers,post,4,2026-02-28 16:00:00-08:00,16,2385,5416,12
lakers,post,4,2026-02-28 20:00:00-08:00,8,430,3122,8
lakers,post,4,2026-03-01 00:00:00-08:00,1,29,0,1
lakers,post,4,2026-03-01 04:00:00-08:00,5,197,314,4
lakers,post,4,2026-03-01 08:00:00-08:00,7,230,1155,7
lakers,post,4,2026-03-01 12:00:00-08:00,5,297,1281,5
lakers,post,4,2026-03-01 16:00:00-08:00,6,2205,3264,6
lakers,post,4,2026-03-01 20:00:00-08:00,15,774,5330,14
lakers,post,4,2026-03-02 00:00:00-08:00,4,207,866,4
lakers,post,4,2026-03-02 04:00:00-08:00,5,234,56,5
lakers,post,4,2026-03-02 08:00:00-08:00,8,340,2702,8
lakers,post,4,2026-03-02 12:00:00-08:00,3,143,265,3
lakers,post,4,2026-03-02 16:00:00-08:00,3,75,1988,3
lakers,post,4,2026-03-02 20:00:00-08:00,2,70,96,2
lakers,post,4,2026-03-03 00:00:00-08:00,4,263,1399,4
lakers,post,4,2026-03-03 04:00:00-08:00,3,122,387,3
lakers,post,4,2026-03-03 08:00:00-08:00,3,149,2329,3
lakers,post,4,2026-03-03 12:00:00-08:00,6,196,1791,6
lakers,post,4,2026-03-03 16:00:00-08:00,10,3797,1588,9
lakers,post,4,2026-03-03 20:00:00-08:00,24,1148,8142,22
lakers,post,4,2026-03-04 00:00:00-08:00,4,98,398,4
lakers,post,4,2026-03-04 04:00:00-08:00,7,297,1085,7
lakers,post,4,2026-03-04 08:00:00-08:00,14,991,3173,14
lakers,post,4,2026-03-04 12:00:00-08:00,4,137,83,4
lakers,post,4,2026-03-04 16:00:00-08:00,5,175,1359,5
lakers,post,4,2026-03-05 00:00:00-08:00,1,21,75,1
lakers,post,4,2026-03-05 04:00:00-08:00,4,309,524,4
lakers,post,4,2026-03-05 08:00:00-08:00,2,101,618,2
lakers,post,4,2026-03-05 12:00:00-08:00,1,38,45,1
lakers,post,4,2026-03-05 16:00:00-08:00,5,7355,1252,5
lakers,post,4,2026-03-05 20:00:00-08:00,28,1932,4487,27
lakers,post,4,2026-03-06 00:00:00-08:00,5,262,361,5
lakers,post,4,2026-03-06 04:00:00-08:00,5,339,132,5
lakers,post,4,2026-03-06 08:00:00-08:00,13,584,1622,13
lakers,post,4,2026-03-06 12:00:00-08:00,4,101,139,4
lakers,post,4,2026-03-06 16:00:00-08:00,5,2354,514,5
lakers,post,4,2026-03-06 20:00:00-08:00,22,857,7481,21
lakers,post,4,2026-03-07 00:00:00-08:00,2,187,1565,2
lakers,post,4,2026-03-07 04:00:00-08:00,5,251,82,5
lakers,post,4,2026-03-07 08:00:00-08:00,3,86,1248,3
lakers,post,4,2026-03-07 12:00:00-08:00,4,226,407,4
lakers,post,4,2026-03-07 16:00:00-08:00,6,307,2100,6
lakers,post,4,2026-03-07 20:00:00-08:00,4,173,537,4
lakers,post,4,2026-03-08 04:00:00-07:00,3,100,56,3
lakers,post,4,2026-03-08 08:00:00-07:00,7,4290,1256,7
lakers,post,4,2026-03-08 12:00:00-07:00,25,1027,4529,18
lakers,post,4,2026-03-08 16:00:00-07:00,10,190,498,10
bostonceltics,comment,24,2026-03-08 00:00:00-08:00,992,0,9297,472
bostonceltics,post,24,2026-01-11 00:00:00-08:00,1,37,3,1
bostonceltics,post,24,2026-01-12 00:00:00-08:00,12,1205,2051,11
bostonceltics,post,24,2026-01-13 00:00:00-08:00,7,424,565,7
bostonceltics,post,24,2026-01-14 00:00:00-08:00,12,439,995,12
bostonceltics,post,24,2026-01-15 00:00:00-08:00,20,1903,4246,19
bostonceltics,post,24,2026-01-16 00:00:00-08:00,16,551,1413,14
bostonceltics,post,24,2026-01-17 00:00:00-08:00,18,1170,3480,15
bostonceltics,post,24,2026-01-18 00:00:00-08:00,11,263,901,10
bostonceltics,post,24,2026-01-19 00:00:00-08:00,15,2268,3760,13
bostonceltics,post,24,2026-01-20 00:00:00-08:00,13,550,990,13
bostonceltics,post,24,2026-01-21 00:00:00-08:00,9,760,1026,8
bostonceltics,post,24,2026-01-22 00:00:00-08:00,19,887,2542,18
bostonceltics,post,24,2026-01-23 00:00:00-08:00,20,2238,7489,19
bostonceltics,post,24,2026-01-24 00:00:00-08:00,19,1193,2519,11
bostonceltics,post,24,2026-01-25 00:00:00-08:00,7,235,818,7
bostonceltics,post,24,2026-01-26 00:00:00-08:00,8,1380,846,6
bostonceltics,post,24,2026-01-27 00:00:00-08:00,11,529,1768,10
bostonceltics,post,24,2026-01-28 00:00:00-08:00,23,2261,3558,20
bostonceltics,post,24,2026-01-29 00:00:00-08:00,13,545,1939,11
bostonceltics,post,24,2026-01-30 00:00:00-08:00,9,501,877,8
bostonceltics,post,24,2026-01-31 00:00:00-08:00,10,370,1428,9
bostonceltics,post,24,2026-02-01 00:00:00-08:00,12,1110,1620,10
bostonceltics,post,24,2026-02-02 00:00:00-08:00,9,457,1135,8
bostonceltics,post,24,2026-02-03 00:00:00-08:00,41,4181,7517,26
bostonceltics,post,24,2026-02-04 00:00:00-08:00,31,3046,4260,27
bostonceltics,post,24,2026-02-05 00:00:00-08:00,43,2394,8284,37
bostonceltics,post,24,2026-02-06 00:00:00-08:00,35,3243,9074,31
bostonceltics,post,24,2026-02-07 00:00:00-08:00,21,663,3216,20
bostonceltics,post,24,2026-02-08 00:00:00-08:00,14,2618,1708,12
bostonceltics,post,24,2026-02-09 00:00:00-08:00,9,390,2159,8
bostonceltics,post,24,2026-02-10 00:00:00-08:00,17,491,3221,16
bostonceltics,post,24,2026-02-11 00:00:00-08:00,15,1113,3909,14
bostonceltics,post,24,2026-02-12 00:00:00-08:00,10,481,3002,10
bostonceltics,post,24,2026-02-13 00:00:00-08:00,12,387,2227,12
bostonceltics,post,24,2026-02-14 00:00:00-08:00,2,28,41,2
bostonceltics,post,24,2026-02-15 00:00:00-08:00,11,677,2069,10
bostonceltics,post,24,2026-02-16 00:00:00-08:00,11,276,2102,11
bostonceltics,post,24,2026-02-17 00:00:00-08:00,9,283,1077,9
bostonceltics,post,24,2026-02-18 00:00:00-08:00,7,167,269,7
bostonceltics,post,24,2026-02-19 00:00:00-08:00,25,2265,4542,20
bostonceltics,post,24,2026-02-20 00:00:00-08:00,13,580,6203,9
bostonceltics,post,24,2026-02-21 00:00:00-08:00,4,148,976,4
bostonceltics,post,24,2026-02-22 00:00:00-08:00,41,3548,12388,30
bostonceltics,post,24,2026-02-23 00:00:00-08:00,17,666,4705,16
bostonceltics,post,24,2026-02-24 00:00:00-08:00,22,1723,4021,21
bostonceltics,post,24,2026-02-25 00:00:00-08:00,21,2683,4142,20
bostonceltics,post,24,2026-02-26 00:00:00-08:00,13,573,2832,12
bostonceltics,post,24,2026-02-27 00:00:00-08:00,19,1162,3105,18
bostonceltics,post,24,2026-02-28 00:00:00-08:00,12,381,1224,12
bostonceltics,post,24,2026-03-01 00:00:00-08:00,18,2113,4569,17
bostonceltics,post,24,2026-03-02 00:00:00-08:00,35,2046,7130,28
bostonceltics,post,24,2026-03-03 00:00:00-08:00,18,534,5025,15
bostonceltics,post,24,2026-03-04 00:00:00-08:00,17,1829,2305,15
bostonceltics,post,24,2026-03-05 00:00:00-08:00,19,924,6398,16
bostonceltics,post,24,2026-03-06 00:00:00-08:00,63,4131,21159,33
bostonceltics,post,24,2026-03-07 00:00:00-08:00,24,508,4700,23
bostonceltics,post,24,2026-03-08 00:00:00-08:00,29,2840,4695,21
lakers,comment,24,2026-03-08 00:00:00-08:00,937,0,4090,497
lakers,post,24,2026-02-09 00:00:00-08:00,2,334,1513,2
lakers,post,24,2026-02-10 00:00:00-08:00,41,6222,11535,36
lakers,post,24,2026-02-11 00:00:00-08:00,26,2082,6192,24
lakers,post,24,2026-02-12 00:00:00-08:00,31,4096,12373,25
lakers,post,24,2026-02-13 00:00:00-08:00,22,1550,5865,19
lakers,post,24,2026-02-14 00:00:00-08:00,23,1484,11007,19
lakers,post,24,2026-02-15 00:00:00-08:00,16,1754,6729,14
lakers,post,24,2026-02-16 00:00:00-08:00,18,1633,6895,18
lakers,post,24,2026-02-17 00:00:00-08:00,15,1630,7868,15
lakers,post,24,2026-02-18 00:00:00-08:00,8,554,1490,8
lakers,post,24,2026-02-19 00:00:00-08:00,29,1619,6588,23
lakers,post,24,2026-02-20 00:00:00-08:00,48,7599,15137,38
lakers,post,24,2026-02-21 00:00:00-08:00,26,1463,8490,24
lakers,post,24,2026-02-22 00:00:00-08:00,57,8779,7876,49
lakers,post,24,2026-02-23 00:00:00-08:00,31,2013,5006,29
lakers,post,24,2026-02-24 00:00:00-08:00,59,8326,10708,54
lakers,post,24,2026-02-25 00:00:00-08:00,41,3277,4121,40
lakers,post,24,2026-02-26 00:00:00-08:00,86,10936,15365,77
lakers,post,24,2026-02-27 00:00:00-08:00,61,3185,8642,59
lakers,post,24,2026-02-28 00:00:00-08:00,43,3804,13091,33
lakers,post,24,2026-03-01 00:00:00-08:00,39,3732,11344,32
lakers,post,24,2026-03-02 00:00:00-08:00,25,1069,5973,25
lakers,post,24,2026-03-03 00:00:00-08:00,50,5675,15636,42
lakers,post,24,2026-03-04 00:00:00-08:00,34,1698,6098,32
lakers,post,24,2026-03-05 00:00:00-08:00,41,9756,7001,39
lakers,post,24,2026-03-06 00:00:00-08:00,54,4497,10249,48
lakers,post,24,2026-03-07 00:00:00-08:00,24,1230,5939,23
lakers,post,24,2026-03-08 00:00:00-08:00,45,5607,6339,33
